# OBJ generated by ONSHAPE BY PTC INC, 1.196 Units = meters
mtllib Finish Line.mtl
g Part 1
v 0.05 -0.035 0 
v 0.05 0.035 0 
v 0.06 0.035 0 
v 0.06 -0.035 0 
v 0.05 0.035 0.01 
v 0.05 -0.035 0.01 
v 0.06 -0.035 0.01 
v 0.06 0.035 0.01 
v 0.06 0.055 -0.002 
v 0.06 0.0485142 0.012 
v 0.06 0.0491069 0.012 
v 0.06 0.0414009 0.012 
v 0.06 0.035 0.012 
v 0.06 0.0509135 0.012 
v 0.06 0.055 0.012 
v 0.06 0.035 -0.002 
v 0.0168298 0.055 0.012 
v 0.0246304 0.055 0.012 
v 0.0138432 0.055 0.012 
v 0.0145539 0.055 0.012 
v 0.00512185 0.055 0.012 
v -0.06 0.055 -0.002 
v -0.00443867 0.055 0.012 
v -0.0110982 0.055 0.012 
v -0.0142368 0.055 0.012 
v -0.0221872 0.055 0.012 
v -0.0244631 0.055 0.012 
v -0.0251545 0.055 0.012 
v -0.0454976 0.055 0.012 
v -0.06 0.055 0.012 
v -0.06 0.035 -0.002 
v -0.05 0.035 0 
v -0.0251545 0.035 0.012 
v -0.0454976 0.035 0.012 
v -0.0244631 0.035 0.012 
v -0.0221872 0.035 0.012 
v -0.0142368 0.035 0.012 
v -0.0110982 0.035 0.012 
v -0.00443867 0.035 0.012 
v 0.00512185 0.035 0.012 
v 0.0138432 0.035 0.012 
v 0.0145539 0.035 0.012 
v 0.0168298 0.035 0.012 
v 0.0246304 0.035 0.012 
v -0.05 0.035 0.01 
v -0.06 0.035 0.012 
v -0.06 0.035 0.01 
v -0.06 0.035 0 
v -0.06 0.0414009 0.012 
v -0.06 0.0485142 0.012 
v -0.06 -0.035 0.01 
v -0.06 0.0491069 0.012 
v -0.06 0.0509135 0.012 
v -0.06 -0.035 0 
v -0.05 -0.035 0 
v -0.05 -0.035 0.01 
v -0.0244183 0.04845 0.012 
v -0.0233599 0.04845 0.012 
v -0.0244183 0.0414652 0.012 
v -0.0233599 0.0414652 0.012 
v -0.0131059 0.04845 0.012 
v -0.0131059 0.0414652 0.012 
v -0.0120475 0.0414652 0.012 
v -0.0120475 0.04845 0.012 
v 0.0145988 0.04845 0.012 
v 0.0156572 0.04845 0.012 
v 0.0145988 0.0414652 0.012 
v 0.0156572 0.0414652 0.012 
v 0.0296614 0.0413777 0.012 
v 0.029031 0.0413383 0.012 
v 0.0298073 0.0414009 0.012 
v 0.028862 0.0413367 0.012 
v 0.0284134 0.0413578 0.012 
v 0.0281175 0.0414009 0.012 
v 0.0255365 0.0444789 0.012 
v 0.0255216 0.0448995 0.012 
v 0.0255897 0.0440317 0.012 
v 0.0255513 0.0455138 0.012 
v 0.0256225 0.0459925 0.012 
v 0.0256723 0.043649 0.012 
v 0.025723 0.0463945 0.012 
v 0.025779 0.0433146 0.012 
v 0.0258463 0.04674 0.012 
v 0.0259073 0.0430169 0.012 
v 0.0266383 0.0420714 0.012 
v 0.0264179 0.0422809 0.012 
v 0.026169 0.0473402 0.012 
v 0.0263536 0.0475843 0.012 
v 0.0260573 0.042747 0.012 
v 0.0262309 0.0424983 0.012 
v 0.0265509 0.0477981 0.012 
v 0.0267525 0.0479777 0.012 
v 0.0259893 0.0470432 0.012 
v 0.0274618 0.0483849 0.012 
v 0.0277251 0.0484702 0.012 
v 0.0272154 0.0482763 0.012 
v 0.0268717 0.0418916 0.012 
v 0.0280348 0.041413 0.012 
v 0.0269803 0.0481421 0.012 
v 0.0271286 0.0417337 0.012 
v 0.0277068 0.0414941 0.012 
v 0.0274165 0.0415969 0.012 
v 0.0285888 0.0485785 0.012 
v 0.0289439 0.0485617 0.012 
v 0.0283303 0.0485697 0.012 
v 0.0280118 0.0485325 0.012 
v 0.0279276 0.0485142 0.012 
v 0.0292481 0.0485173 0.012 
v 0.0292604 0.0485142 0.012 
v 0.0314264 0.0456162 0.012 
v 0.0314296 0.0454358 0.012 
v 0.0313926 0.0460317 0.012 
v 0.0313287 0.046391 0.012 
v 0.0266188 0.0447669 0.012 
v 0.0273721 0.0427711 0.012 
v 0.0275227 0.0426508 0.012 
v 0.0312401 0.0467083 0.012 
v 0.030593 0.0477928 0.012 
v 0.0306648 0.0477148 0.012 
v 0.027683 0.0425482 0.012 
v 0.0272046 0.0429402 0.012 
v 0.0268739 0.0434682 0.012 
v 0.0269713 0.0432724 0.012 
v 0.0311289 0.0469938 0.012 
v 0.0308372 0.0474998 0.012 
v 0.0302083 0.0481208 0.012 
v 0.0304069 0.0479684 0.012 
v 0.0272408 0.0428999 0.012 
v 0.026786 0.043699 0.012 
v 0.0309953 0.0472557 0.012 
v 0.0314296 0.0447669 0.012 
v 0.0294651 0.0422922 0.012 
v 0.027856 0.0424609 0.012 
v 0.02671 0.0439775 0.012 
v 0.0299928 0.048253 0.012 
v 0.0295152 0.0484511 0.012 
v 0.0289008 0.0422626 0.012 
v 0.0280462 0.0423878 0.012 
v 0.0266511 0.0443222 0.012 
v 0.0297545 0.0483662 0.012 
v 0.0300185 0.0423796 0.012 
v 0.028259 0.0423291 0.012 
v 0.0311298 0.0417903 0.012 
v 0.0306082 0.0415903 0.012 
v 0.0311298 0.0427337 0.012 
v 0.030574 0.0425264 0.012 
v 0.0285018 0.0422868 0.012 
v 0.0270773 0.0431032 0.012 
v 0.0300693 0.0414427 0.012 
v 0.0287847 0.0422645 0.012 
v 0.0210449 0.048575 0.012 
v 0.0212022 0.0485785 0.012 
v 0.0216416 0.0485582 0.012 
v 0.021948 0.0485142 0.012 
v 0.0207293 0.0485457 0.012 
v 0.0205664 0.0485142 0.012 
v 0.0189654 0.0454286 0.012 
v 0.0197764 0.0473566 0.012 
v 0.0196458 0.0472602 0.012 
v 0.0199112 0.0474362 0.012 
v 0.0189589 0.0451299 0.012 
v 0.0222922 0.047258 0.012 
v 0.0222082 0.0473397 0.012 
v 0.0194688 0.0470867 0.012 
v 0.0193759 0.0469663 0.012 
v 0.0192936 0.046834 0.012 
v 0.0200661 0.0475082 0.012 
v 0.0221194 0.0474094 0.012 
v 0.0187611 0.04845 0.012 
v 0.0195821 0.0481125 0.012 
v 0.0197819 0.048235 0.012 
v 0.0192147 0.0466753 0.012 
v 0.0202476 0.0475718 0.012 
v 0.0220203 0.0474722 0.012 
v 0.0224752 0.0469963 0.012 
v 0.0224111 0.0471055 0.012 
v 0.019896 0.048294 0.012 
v 0.019071 0.0462397 0.012 
v 0.019012 0.0459302 0.012 
v 0.0191399 0.0464815 0.012 
v 0.0204651 0.047625 0.012 
v 0.021908 0.0475288 0.012 
v 0.0225343 0.0468685 0.012 
v 0.0237392 0.0460211 0.012 
v 0.0194054 0.047978 0.012 
v 0.0189324 0.0474935 0.012 
v 0.0189834 0.0474935 0.012 
v 0.0207326 0.0476634 0.012 
v 0.0217784 0.0475789 0.012 
v 0.0225876 0.0467158 0.012 
v 0.0237352 0.0462292 0.012 
v 0.0192468 0.0478297 0.012 
v 0.0191034 0.0476642 0.012 
v 0.0195321 0.0471557 0.012 
v 0.0210737 0.0476791 0.012 
v 0.0216261 0.0476218 0.012 
v 0.022633 0.0465288 0.012 
v 0.0237039 0.0466114 0.012 
v 0.0201675 0.0484079 0.012 
v 0.0204394 0.0484896 0.012 
v 0.0214433 0.0476553 0.012 
v 0.0226667 0.0462934 0.012 
v 0.0236511 0.0469161 0.012 
v 0.0179005 0.04845 0.012 
v 0.022342 0.0472003 0.012 
v 0.0226807 0.0459844 0.012 
v 0.023584 0.0471653 0.012 
v 0.0219819 0.0485093 0.012 
v 0.0179005 0.0414652 0.012 
v 0.0212184 0.0476757 0.012 
v 0.0235064 0.0473736 0.012 
v 0.0222566 0.0484422 0.012 
v 0.0226807 0.0414652 0.012 
v 0.0189589 0.0414652 0.012 
v 0.02342 0.0475514 0.012 
v 0.0230056 0.0480552 0.012 
v 0.0231019 0.0479697 0.012 
v 0.0224842 0.0483625 0.012 
v 0.0233253 0.0477058 0.012 
v 0.0228443 0.0481744 0.012 
v 0.0226773 0.0482729 0.012 
v 0.0237392 0.0414652 0.012 
v 0.0232218 0.047842 0.012 
v 0.014509 0.0503425 0.012 
v 0.0145146 0.050465 0.012 
v 0.014528 0.0505588 0.012 
v 0.014529 0.050124 0.012 
v 0.0145158 0.0502104 0.012 
v 0.0145463 0.0506337 0.012 
v 0.0145539 0.0506556 0.012 
v 0.0145469 0.0500521 0.012 
v 0.0145539 0.0500323 0.012 
v 0.0145677 0.0506951 0.012 
v 0.0146797 0.0508673 0.012 
v 0.0146875 0.0508748 0.012 
v 0.0145916 0.0507467 0.012 
v 0.014649 0.0508336 0.012 
v 0.0146176 0.0507909 0.012 
v 0.0150935 0.051043 0.012 
v 0.0151351 0.051044 0.012 
v 0.0151775 0.0510429 0.012 
v 0.0152436 0.051036 0.012 
v 0.0150219 0.051036 0.012 
v 0.0149571 0.0510231 0.012 
v 0.0148973 0.0510049 0.012 
v 0.014841 0.0509813 0.012 
v 0.0147325 0.0509135 0.012 
v 0.0154896 0.0509396 0.012 
v 0.0155245 0.0509135 0.012 
v 0.0147869 0.0509517 0.012 
v 0.0147343 0.050915 0.012 
v 0.0154323 0.0509735 0.012 
v 0.0153086 0.0510219 0.012 
v 0.0153718 0.051001 0.012 
v 0.0157501 0.0504918 0.012 
v 0.0157582 0.0503932 0.012 
v 0.0157592 0.0503425 0.012 
v 0.0157359 0.0505724 0.012 
v 0.0157175 0.05064 0.012 
v 0.0157538 0.0502261 0.012 
v 0.0156956 0.0506978 0.012 
v 0.0157407 0.0501348 0.012 
v 0.0156707 0.0507483 0.012 
v 0.0157225 0.0500604 0.012 
v 0.0157007 0.0499983 0.012 
v 0.0156761 0.0499453 0.012 
v 0.0147677 0.0497434 0.012 
v 0.0147192 0.0497811 0.012 
v 0.0151776 0.049636 0.012 
v 0.0151351 0.0496348 0.012 
v 0.0155826 0.049818 0.012 
v 0.0155746 0.0498102 0.012 
v 0.0156427 0.050793 0.012 
v 0.014593 0.0499382 0.012 
v 0.0145685 0.0499911 0.012 
v 0.0146875 0.0498102 0.012 
v 0.0152439 0.0496432 0.012 
v 0.0156158 0.0498544 0.012 
v 0.0156114 0.0508333 0.012 
v 0.0146206 0.0498916 0.012 
v 0.0148189 0.0497115 0.012 
v 0.0150601 0.0496384 0.012 
v 0.015543 0.0497818 0.012 
v 0.0156488 0.0498991 0.012 
v 0.0155429 0.0508998 0.012 
v 0.0155746 0.0508717 0.012 
v 0.0146513 0.0498498 0.012 
v 0.0148738 0.0496847 0.012 
v 0.0149938 0.0496481 0.012 
v 0.014934 0.049663 0.012 
v 0.0153091 0.0496575 0.012 
v 0.0154328 0.0497069 0.012 
v 0.0153723 0.0496788 0.012 
v 0.01549 0.0497413 0.012 
v -0.024508 0.0503425 0.012 
v -0.0245024 0.050465 0.012 
v -0.024489 0.0505588 0.012 
v -0.024488 0.050124 0.012 
v -0.0245013 0.0502104 0.012 
v -0.0244708 0.0506337 0.012 
v -0.0244631 0.0506556 0.012 
v -0.0244701 0.0500521 0.012 
v -0.0244631 0.0500323 0.012 
v -0.0244493 0.0506951 0.012 
v -0.0243373 0.0508673 0.012 
v -0.0243296 0.0508748 0.012 
v -0.0244254 0.0507467 0.012 
v -0.024368 0.0508336 0.012 
v -0.0243994 0.0507909 0.012 
v -0.0239235 0.051043 0.012 
v -0.0238819 0.051044 0.012 
v -0.0238396 0.0510429 0.012 
v -0.0237734 0.051036 0.012 
v -0.0239951 0.051036 0.012 
v -0.0240599 0.0510231 0.012 
v -0.0241198 0.0510049 0.012 
v -0.0241761 0.0509813 0.012 
v -0.0242845 0.0509135 0.012 
v -0.0236453 0.051001 0.012 
v -0.0235847 0.0509735 0.012 
v -0.0242301 0.0509517 0.012 
v -0.0242828 0.050915 0.012 
v -0.0235275 0.0509396 0.012 
v -0.0234925 0.0509135 0.012 
v -0.0237084 0.0510219 0.012 
v -0.023267 0.0504918 0.012 
v -0.0232589 0.0503932 0.012 
v -0.0232579 0.0503425 0.012 
v -0.0232811 0.0505724 0.012 
v -0.0232996 0.05064 0.012 
v -0.0232632 0.0502261 0.012 
v -0.0233214 0.0506978 0.012 
v -0.0232764 0.0501348 0.012 
v -0.0233464 0.0507483 0.012 
v -0.0232945 0.0500604 0.012 
v -0.0242493 0.0497434 0.012 
v -0.0242979 0.0497811 0.012 
v -0.0238395 0.049636 0.012 
v -0.0238819 0.0496348 0.012 
v -0.0233163 0.0499983 0.012 
v -0.024424 0.0499382 0.012 
v -0.0244486 0.0499911 0.012 
v -0.0243296 0.0498102 0.012 
v -0.0237731 0.0496432 0.012 
v -0.023341 0.0499453 0.012 
v -0.0243964 0.0498916 0.012 
v -0.0241982 0.0497115 0.012 
v -0.023957 0.0496384 0.012 
v -0.0234345 0.049818 0.012 
v -0.0234424 0.0498102 0.012 
v -0.0233743 0.050793 0.012 
v -0.0243657 0.0498498 0.012 
v -0.0241432 0.0496847 0.012 
v -0.0240233 0.0496481 0.012 
v -0.0234013 0.0498544 0.012 
v -0.0234056 0.0508333 0.012 
v -0.0240831 0.049663 0.012 
v -0.023474 0.0497818 0.012 
v -0.0233682 0.0498991 0.012 
v -0.0234742 0.0508998 0.012 
v -0.0234424 0.0508717 0.012 
v -0.023708 0.0496575 0.012 
v -0.0235842 0.0497069 0.012 
v -0.0236447 0.0496788 0.012 
v -0.0235271 0.0497413 0.012 
v -0.0179722 0.048575 0.012 
v -0.0178148 0.0485785 0.012 
v -0.0173754 0.0485582 0.012 
v -0.017069 0.0485142 0.012 
v -0.0182877 0.0485457 0.012 
v -0.0184506 0.0485142 0.012 
v -0.0200516 0.0454286 0.012 
v -0.0192407 0.0473566 0.012 
v -0.0193712 0.0472602 0.012 
v -0.0191058 0.0474362 0.012 
v -0.0200581 0.0451299 0.012 
v -0.0167248 0.047258 0.012 
v -0.0168089 0.0473397 0.012 
v -0.0195483 0.0470867 0.012 
v -0.0196411 0.0469663 0.012 
v -0.0197234 0.046834 0.012 
v -0.0189509 0.0475082 0.012 
v -0.0168976 0.0474094 0.012 
v -0.0202559 0.04845 0.012 
v -0.0194349 0.0481125 0.012 
v -0.0192352 0.048235 0.012 
v -0.0198024 0.0466753 0.012 
v -0.0187694 0.0475718 0.012 
v -0.0169967 0.0474722 0.012 
v -0.0165419 0.0469963 0.012 
v -0.016606 0.0471055 0.012 
v -0.019121 0.048294 0.012 
v -0.019946 0.0462397 0.012 
v -0.020005 0.0459302 0.012 
v -0.0198772 0.0464815 0.012 
v -0.0185519 0.047625 0.012 
v -0.0171091 0.0475288 0.012 
v -0.0164827 0.0468685 0.012 
v -0.0152779 0.0460211 0.012 
v -0.0196117 0.047978 0.012 
v -0.0200846 0.0474935 0.012 
v -0.0200337 0.0474935 0.012 
v -0.0182845 0.0476634 0.012 
v -0.0172386 0.0475789 0.012 
v -0.0164295 0.0467158 0.012 
v -0.0152819 0.0462292 0.012 
v -0.0197702 0.0478297 0.012 
v -0.0199137 0.0476642 0.012 
v -0.0194849 0.0471557 0.012 
v -0.0179433 0.0476791 0.012 
v -0.0173909 0.0476218 0.012 
v -0.016384 0.0465288 0.012 
v -0.0153132 0.0466114 0.012 
v -0.0188495 0.0484079 0.012 
v -0.0185777 0.0484896 0.012 
v -0.0175738 0.0476553 0.012 
v -0.0163504 0.0462934 0.012 
v -0.0153659 0.0469161 0.012 
v -0.0211166 0.04845 0.012 
v -0.0166751 0.0472003 0.012 
v -0.0163363 0.0459844 0.012 
v -0.015433 0.0471653 0.012 
v -0.0170351 0.0485093 0.012 
v -0.0211166 0.0414652 0.012 
v -0.0177986 0.0476757 0.012 
v -0.0155107 0.0473736 0.012 
v -0.0167604 0.0484422 0.012 
v -0.0163363 0.0414652 0.012 
v -0.0200581 0.0414652 0.012 
v -0.0155971 0.0475514 0.012 
v -0.0160114 0.0480552 0.012 
v -0.0159152 0.0479697 0.012 
v -0.0165328 0.0483625 0.012 
v -0.0156918 0.0477058 0.012 
v -0.0161728 0.0481744 0.012 
v -0.0163398 0.0482729 0.012 
v -0.0152779 0.0414652 0.012 
v -0.0157952 0.047842 0.012 
v -0.0126112 0.051043 0.012 
v -0.0125696 0.051044 0.012 
v -0.0126828 0.051036 0.012 
v -0.0125273 0.0510429 0.012 
v -0.0127476 0.0510231 0.012 
v -0.0128074 0.0510049 0.012 
v -0.0122151 0.0509396 0.012 
v -0.0121802 0.0509135 0.012 
v -0.0123961 0.0510219 0.012 
v -0.0123329 0.051001 0.012 
v -0.0128637 0.0509813 0.012 
v -0.0129722 0.0509135 0.012 
v -0.0122724 0.0509735 0.012 
v -0.0124611 0.051036 0.012 
v -0.0129178 0.0509517 0.012 
v -0.0129704 0.050915 0.012 
v -0.0119546 0.0504918 0.012 
v -0.0119465 0.0503932 0.012 
v -0.0119456 0.0503425 0.012 
v -0.0119688 0.0505724 0.012 
v -0.0119872 0.05064 0.012 
v -0.0119509 0.0502261 0.012 
v -0.0120091 0.0506978 0.012 
v -0.0131957 0.0503425 0.012 
v -0.0131901 0.050465 0.012 
v -0.0131757 0.050124 0.012 
v -0.0131889 0.0502104 0.012 
v -0.0131767 0.0505588 0.012 
v -0.0131578 0.0500521 0.012 
v -0.011964 0.0501348 0.012 
v -0.0131363 0.0499911 0.012 
v -0.012034 0.0507483 0.012 
v -0.0131584 0.0506337 0.012 
v -0.0131117 0.0499382 0.012 
v -0.0119822 0.0500604 0.012 
v -0.013137 0.0506951 0.012 
v -0.0130841 0.0498916 0.012 
v -0.0125696 0.0496348 0.012 
v -0.012004 0.0499983 0.012 
v -0.0131131 0.0507467 0.012 
v -0.0130534 0.0498498 0.012 
v -0.012937 0.0497434 0.012 
v -0.0129855 0.0497811 0.012 
v -0.0125271 0.049636 0.012 
v -0.0120286 0.0499453 0.012 
v -0.013025 0.0508673 0.012 
v -0.0130172 0.0508748 0.012 
v -0.0130172 0.0498102 0.012 
v -0.0124608 0.0496432 0.012 
v -0.0121221 0.049818 0.012 
v -0.0121301 0.0498102 0.012 
v -0.012062 0.050793 0.012 
v -0.0130557 0.0508336 0.012 
v -0.0130871 0.0507909 0.012 
v -0.0128858 0.0497115 0.012 
v -0.0126447 0.0496384 0.012 
v -0.0120889 0.0498544 0.012 
v -0.0120933 0.0508333 0.012 
v -0.0128309 0.0496847 0.012 
v -0.0127109 0.0496481 0.012 
v -0.0121617 0.0497818 0.012 
v -0.0120559 0.0498991 0.012 
v -0.0121618 0.0508998 0.012 
v -0.0121301 0.0508717 0.012 
v -0.0127708 0.049663 0.012 
v -0.0123324 0.0496788 0.012 
v -0.0123956 0.0496575 0.012 
v -0.0122147 0.0497413 0.012 
v -0.0122719 0.0497069 0.012 
v -0.00772096 0.0413463 0.012 
v -0.00806465 0.0413367 0.012 
v -0.00729427 0.0413894 0.012 
v -0.00723458 0.0414009 0.012 
v -0.00874565 0.0413665 0.012 
v -0.00899383 0.0414009 0.012 
v -0.00839387 0.0422276 0.012 
v -0.00632321 0.0433704 0.012 
v -0.006337 0.0434607 0.012 
v -0.00644034 0.0427918 0.012 
v -0.00660479 0.0425919 0.012 
v -0.00654373 0.0426521 0.012 
v -0.00635907 0.0435438 0.012 
v -0.00648712 0.0427208 0.012 
v -0.00631896 0.0432822 0.012 
v -0.00640298 0.0428636 0.012 
v -0.0063199 0.043233 0.012 
v -0.00712974 0.0423213 0.012 
v -0.00696322 0.0423785 0.012 
v -0.00638895 0.0436221 0.012 
v -0.00637135 0.042943 0.012 
v -0.00734457 0.0422699 0.012 
v -0.00678691 0.044065 0.012 
v -0.0070287 0.0442104 0.012 
v -0.006427 0.0436974 0.012 
v -0.00634661 0.0430292 0.012 
v -0.00763094 0.0422297 0.012 
v -0.00667177 0.0439797 0.012 
v -0.00647423 0.0437714 0.012 
v -0.00632911 0.0431249 0.012 
v -0.00667724 0.0425332 0.012 
v -0.00803814 0.0422116 0.012 
v -0.00660435 0.0439202 0.012 
v -0.00653244 0.0438452 0.012 
v -0.00676456 0.0424757 0.012 
v -0.00683042 0.0424392 0.012 
v -0.00805241 0.0446649 0.012 
v -0.00880263 0.0422816 0.012 
v -0.00888626 0.045005 0.012 
v -0.00950174 0.0424584 0.012 
v -0.00915053 0.0423577 0.012 
v -0.0102352 0.0464789 0.012 
v -0.0102497 0.0466634 0.012 
v -0.00989841 0.0426054 0.012 
v -0.00758853 0.0444771 0.012 
v -0.0102508 0.0467349 0.012 
v -0.0102305 0.0427578 0.012 
v -0.0102068 0.0463174 0.012 
v -0.00976624 0.0479107 0.012 
v -0.00963154 0.0480271 0.012 
v -0.00891846 0.0483999 0.012 
v -0.0086393 0.0484773 0.012 
v -0.00955542 0.0480839 0.012 
v -0.0101667 0.0461732 0.012 
v -0.00927094 0.045198 0.012 
v -0.00915609 0.048309 0.012 
v -0.00987936 0.0477917 0.012 
v -0.0102417 0.0469256 0.012 
v -0.00943816 0.0452992 0.012 
v -0.00936204 0.0482063 0.012 
v -0.00997506 0.0476683 0.012 
v -0.0102171 0.047094 0.012 
v -0.00990071 0.0457025 0.012 
v -0.00999498 0.0458271 0.012 
v -0.00963246 0.0454409 0.012 
v -0.0101158 0.046042 0.012 
v -0.01005 0.045914 0.012 
v -0.00978248 0.0455745 0.012 
v -0.00924303 0.0414355 0.012 
v -0.0100561 0.0475384 0.012 
v -0.0101793 0.047246 0.012 
v -0.00991302 0.0416257 0.012 
v -0.0101473 0.0417322 0.012 
v -0.00961917 0.041525 0.012 
v -0.0101241 0.0473989 0.012 
v -0.0102305 0.0417772 0.012 
v -0.0078926 0.0485733 0.012 
v -0.00765066 0.0485785 0.012 
v -0.00726522 0.0485648 0.012 
v -0.00683272 0.0485142 0.012 
v -0.0083043 0.0485375 0.012 
v -0.00843386 0.0485142 0.012 
v -0.00693782 0.047608 0.012 
v -0.00914781 0.0471756 0.012 
v -0.0091804 0.0471129 0.012 
v -0.00920581 0.0470483 0.012 
v -0.00530214 0.043481 0.012 
v -0.00529928 0.0433699 0.012 
v -0.00897653 0.0461915 0.012 
v -0.00888548 0.0461146 0.012 
v -0.00909963 0.046328 0.012 
v -0.00904397 0.0462597 0.012 
v -0.00920731 0.0465455 0.012 
v -0.00917981 0.0464694 0.012 
v -0.00911138 0.0472312 0.012 
v -0.00901211 0.0473423 0.012 
v -0.0090666 0.0472868 0.012 
v -0.00878875 0.0474965 0.012 
v -0.00834816 0.04764 0.012 
v -0.00853482 0.0475957 0.012 
v -0.00735318 0.0476717 0.012 
v -0.00532056 0.0436655 0.012 
v -0.00873309 0.0460091 0.012 
v -0.00863771 0.0459528 0.012 
v -0.00922617 0.0466215 0.012 
v -0.00922473 0.0469805 0.012 
v -0.00894505 0.0473984 0.012 
v -0.00809464 0.0476752 0.012 
v -0.00772612 0.0476913 0.012 
v -0.00531037 0.0431358 0.012 
v -0.00914646 0.0464011 0.012 
v -0.00923731 0.046908 0.012 
v -0.00886102 0.0474558 0.012 
v -0.00535389 0.0438323 0.012 
v -0.00832438 0.0457999 0.012 
v -0.00923871 0.0467073 0.012 
v -0.00867706 0.0475472 0.012 
v -0.00666538 0.0415389 0.012 
v -0.00694999 0.041456 0.012 
v -0.00582705 0.0420316 0.012 
v -0.00596573 0.041911 0.012 
v -0.00533981 0.0429341 0.012 
v -0.00910971 0.0463422 0.012 
v -0.0092434 0.0468063 0.012 
v -0.00642497 0.0416344 0.012 
v -0.00602529 0.0418659 0.012 
v -0.00538386 0.0427564 0.012 
v -0.00582135 0.047259 0.012 
v -0.00540096 0.0439862 0.012 
v -0.00924312 0.0468287 0.012 
v -0.00621826 0.0417405 0.012 
v -0.00570809 0.0421579 0.012 
v -0.00597749 0.0447338 0.012 
v -0.00583128 0.0446161 0.012 
v -0.00655561 0.0450757 0.012 
v -0.00620643 0.0448859 0.012 
v -0.00764346 0.0455226 0.012 
v -0.00741409 0.0454358 0.012 
v -0.0054619 0.0441308 0.012 
v -0.00643894 0.047481 0.012 
v -0.00560531 0.042292 0.012 
v -0.00544064 0.0425964 0.012 
v -0.0057357 0.0445242 0.012 
v -0.00551645 0.0424369 0.012 
v -0.00553813 0.0442694 0.012 
v -0.00563231 0.0444044 0.012 
v -0.00544446 0.0481187 0.012 
v -0.00628096 0.0484049 0.012 
v -0.00580345 0.0482597 0.012 
v -0.00676952 0.0485068 0.012 
v -0.00357806 0.0485142 0.012 
v -0.00357806 0.0491069 0.012 
v -0.00251963 0.0513826 0.012 
v -0.00357806 0.0513826 0.012 
v -0.00357806 0.0509135 0.012 
v -0.00251963 0.0509135 0.012 
v -0.00251963 0.0491069 0.012 
v -0.00251963 0.0485142 0.012 
v -0.00192952 0.0480894 0.012 
v -0.00173123 0.0482144 0.012 
v -0.00161823 0.0482746 0.012 
v -0.00251963 0.0483806 0.012 
v -0.00210283 0.0479545 0.012 
v -0.00254947 0.0476592 0.012 
v -0.00239338 0.0476467 0.012 
v -0.00257061 0.0474813 0.012 
v -0.00250739 0.0474813 0.012 
v -0.00225629 0.0478079 0.012 
v -0.00136589 0.0483845 0.012 
v -0.00110998 0.0484655 0.012 
v -0.000302845 0.0485642 0.012 
v 0.000148419 0.0485434 0.012 
v -0.000524105 0.0485575 0.012 
v 0.000351674 0.0485142 0.012 
v -0.000831997 0.0485238 0.012 
v -0.000877497 0.0485142 0.012 
v -0.00194147 0.047158 0.012 
v -0.00156432 0.047437 0.012 
v -0.0016985 0.0473578 0.012 
v -0.00251513 0.0453677 0.012 
v 0.000813705 0.047258 0.012 
v 0.000729646 0.0473397 0.012 
v -0.000404813 0.0476791 0.012 
v -0.00201285 0.0470795 0.012 
v -0.00210657 0.0469558 0.012 
v -0.00141006 0.0475087 0.012 
v 0.00064086 0.0474094 0.012 
v -0.00218956 0.0468197 0.012 
v -0.00122921 0.0475721 0.012 
v 0.000541755 0.0474722 0.012 
v 0.000996648 0.0469963 0.012 
v 0.000932517 0.0471055 0.012 
v -0.00226905 0.0466564 0.012 
v -0.00101234 0.0476251 0.012 
v 0.000429415 0.0475288 0.012 
v 0.00105576 0.0468685 0.012 
v -0.00234416 0.0464568 0.012 
v -0.000745474 0.0476634 0.012 
v 0.000299861 0.0475789 0.012 
v 0.00110905 0.0467158 0.012 
v 0.00226063 0.0460211 0.012 
v 0.000147572 0.0476218 0.012 
v 0.0011545 0.0465288 0.012 
v 0.00225657 0.0462275 0.012 
v -0.00241289 0.0462074 0.012 
v -0.00247111 0.0458877 0.012 
v -0.0018284 0.0472619 0.012 
v -3.52891e-05 0.0476553 0.012 
v 0.00118811 0.0462934 0.012 
v 0.00222553 0.0466021 0.012 
v 0.000863425 0.0472003 0.012 
v 0.0012022 0.0459844 0.012 
v 0.00217316 0.0469024 0.012 
v -0.000260145 0.0476757 0.012 
v 0.00210628 0.0471492 0.012 
v 0.00049529 0.0484936 0.012 
v 0.00202855 0.0473565 0.012 
v 0.000774021 0.0484255 0.012 
v -0.00357806 0.0414652 0.012 
v 0.0012022 0.0414652 0.012 
v -0.00251963 0.0414652 0.012 
v -0.00251963 0.0451177 0.012 
v 0.00194171 0.0475341 0.012 
v 0.00152762 0.0480366 0.012 
v 0.00161925 0.0479554 0.012 
v 0.00100406 0.0483449 0.012 
v 0.00184615 0.0476891 0.012 
v 0.00136591 0.048156 0.012 
v 0.0011984 0.0482547 0.012 
v 0.00226063 0.0414652 0.012 
v 0.00174126 0.0478263 0.012 
v 0.00798308 0.0485142 0.012 
v 0.00906598 0.050783 0.012 
v 0.00798308 0.050783 0.012 
v 0.00798308 0.0491069 0.012 
v 0.00906598 0.0491069 0.012 
v 0.00906598 0.0485142 0.012 
v 0.00798308 0.0414652 0.012 
v 0.0131773 0.0414652 0.012 
v 0.0131773 0.0424461 0.012 
v 0.00906598 0.0424461 0.012 
v -0.0309952 0.0485142 0.012 
v -0.0299123 0.0491069 0.012 
v -0.025801 0.0498204 0.012 
v -0.025801 0.050783 0.012 
v -0.0309952 0.050783 0.012 
v -0.0309952 0.0491069 0.012 
v -0.0299123 0.0485142 0.012 
v -0.0299123 0.0414652 0.012 
v -0.0309952 0.0414652 0.012 
v -0.0260498 0.045448 0.012 
v -0.0260498 0.0464106 0.012 
v -0.0299123 0.0464106 0.012 
v -0.0299123 0.045448 0.012 
v -0.0299123 0.0498204 0.012 
v -0.0454976 0.0414009 0.012 
v -0.0251545 0.0414009 0.012 
v -0.0244631 0.0414009 0.012 
v -0.0221872 0.0414009 0.012 
v -0.0142368 0.0414009 0.012 
v -0.00443867 0.0414009 0.012 
v 0.00512185 0.0414009 0.012 
v 0.0138432 0.0414009 0.012 
v 0.0145539 0.0414009 0.012 
v 0.0168298 0.0414009 0.012 
v -0.0251545 0.0485142 0.012 
v -0.0244631 0.0485142 0.012 
v -0.0221872 0.0485142 0.012 
v -0.0110982 0.0485142 0.012 
v -0.0142368 0.0485142 0.012 
v -0.0110982 0.0414009 0.012 
v 0.0138432 0.0485142 0.012 
v 0.0145539 0.0485142 0.012 
v 0.0168298 0.0485142 0.012 
v -0.0454976 0.0485142 0.012 
v -0.0251545 0.0491069 0.012 
v -0.0244631 0.0491069 0.012 
v -0.0142368 0.0491069 0.012 
v 0.0138432 0.0491069 0.012 
v 0.0145539 0.0491069 0.012 
v -0.0454976 0.0491069 0.012 
v -0.0221872 0.0509135 0.012 
v -0.0221872 0.0491069 0.012 
v -0.0110982 0.0509135 0.012 
v -0.0110982 0.0491069 0.012 
v -0.00443867 0.0491069 0.012 
v 0.0168298 0.0509135 0.012 
v 0.0168298 0.0491069 0.012 
v 0.0246304 0.0491069 0.012 
v 0.0246304 0.0509135 0.012 
v -0.0454976 0.0509135 0.012 
v -0.0251545 0.0509135 0.012 
v -0.0244631 0.0509135 0.012 
v -0.0142368 0.0509135 0.012 
v -0.00443867 0.0509135 0.012 
v 0.00512185 0.0509135 0.012 
v 0.0138432 0.0509135 0.012 
v 0.0145539 0.0509135 0.012 
v 0.0246304 0.0414009 0.012 
v 0.0246304 0.0485142 0.012 
v -0.00443867 0.0485142 0.012 
v 0.00512185 0.0491069 0.012 
v 0.00512185 0.0485142 0.012 
v 0.0284134 0.0413578 0.01 
v 0.0280348 0.041413 0.01 
v 0.0277068 0.0414941 0.01 
v 0.0271286 0.0417337 0.01 
v 0.0268717 0.0418916 0.01 
v 0.0264179 0.0422809 0.01 
v 0.0266383 0.0420714 0.01 
v 0.0274165 0.0415969 0.01 
v 0.028862 0.0413367 0.01 
v 0.0300693 0.0414427 0.01 
v 0.0296614 0.0413777 0.01 
v 0.029031 0.0413383 0.01 
v 0.0311298 0.0417903 0.01 
v 0.0306082 0.0415903 0.01 
v 0.0311298 0.0427337 0.01 
v 0.0294651 0.0422922 0.01 
v 0.0300185 0.0423796 0.01 
v 0.030574 0.0425264 0.01 
v 0.0289008 0.0422626 0.01 
v 0.0273721 0.0427711 0.01 
v 0.027683 0.0425482 0.01 
v 0.027856 0.0424609 0.01 
v 0.0280462 0.0423878 0.01 
v 0.028259 0.0423291 0.01 
v 0.0285018 0.0422868 0.01 
v 0.0287847 0.0422645 0.01 
v 0.0275227 0.0426508 0.01 
v 0.0272408 0.0428999 0.01 
v 0.0266511 0.0443222 0.01 
v 0.02671 0.0439775 0.01 
v 0.026786 0.043699 0.01 
v 0.0268739 0.0434682 0.01 
v 0.0269713 0.0432724 0.01 
v 0.0270773 0.0431032 0.01 
v 0.0272046 0.0429402 0.01 
v 0.0266188 0.0447669 0.01 
v 0.0314296 0.0447669 0.01 
v 0.0314296 0.0454358 0.01 
v 0.0308372 0.0474998 0.01 
v 0.0309953 0.0472557 0.01 
v 0.0312401 0.0467083 0.01 
v 0.0313287 0.046391 0.01 
v 0.0313926 0.0460317 0.01 
v 0.0314264 0.0456162 0.01 
v 0.0311289 0.0469938 0.01 
v 0.0306648 0.0477148 0.01 
v 0.0289439 0.0485617 0.01 
v 0.0292481 0.0485173 0.01 
v 0.0295152 0.0484511 0.01 
v 0.0297545 0.0483662 0.01 
v 0.0302083 0.0481208 0.01 
v 0.0304069 0.0479684 0.01 
v 0.030593 0.0477928 0.01 
v 0.0299928 0.048253 0.01 
v 0.0285888 0.0485785 0.01 
v 0.0265509 0.0477981 0.01 
v 0.0267525 0.0479777 0.01 
v 0.0269803 0.0481421 0.01 
v 0.0272154 0.0482763 0.01 
v 0.0274618 0.0483849 0.01 
v 0.0277251 0.0484702 0.01 
v 0.0280118 0.0485325 0.01 
v 0.0283303 0.0485697 0.01 
v 0.0263536 0.0475843 0.01 
v 0.0255513 0.0455138 0.01 
v 0.0256225 0.0459925 0.01 
v 0.025723 0.0463945 0.01 
v 0.0258463 0.04674 0.01 
v 0.0259893 0.0470432 0.01 
v 0.026169 0.0473402 0.01 
v 0.0255216 0.0448995 0.01 
v 0.0262309 0.0424983 0.01 
v 0.0260573 0.042747 0.01 
v 0.0259073 0.0430169 0.01 
v 0.025779 0.0433146 0.01 
v 0.0256723 0.043649 0.01 
v 0.0255897 0.0440317 0.01 
v 0.0255365 0.0444789 0.01 
v 0.0226807 0.0459844 0.01 
v 0.0226807 0.0414652 0.01 
v 0.0212022 0.0485785 0.01 
v 0.0212184 0.0476757 0.01 
v 0.0214433 0.0476553 0.01 
v 0.0210449 0.048575 0.01 
v 0.0210737 0.0476791 0.01 
v 0.0207293 0.0485457 0.01 
v 0.0216416 0.0485582 0.01 
v 0.0216261 0.0476218 0.01 
v 0.0207326 0.0476634 0.01 
v 0.0222566 0.0484422 0.01 
v 0.0219819 0.0485093 0.01 
v 0.0217784 0.0475789 0.01 
v 0.0204394 0.0484896 0.01 
v 0.0224842 0.0483625 0.01 
v 0.021908 0.0475288 0.01 
v 0.0204651 0.047625 0.01 
v 0.0201675 0.0484079 0.01 
v 0.019896 0.048294 0.01 
v 0.0202476 0.0475718 0.01 
v 0.0237392 0.0414652 0.01 
v 0.0237392 0.0460211 0.01 
v 0.0237352 0.0462292 0.01 
v 0.0226667 0.0462934 0.01 
v 0.0237039 0.0466114 0.01 
v 0.022633 0.0465288 0.01 
v 0.0197819 0.048235 0.01 
v 0.0236511 0.0469161 0.01 
v 0.0225876 0.0467158 0.01 
v 0.023584 0.0471653 0.01 
v 0.0225343 0.0468685 0.01 
v 0.0200661 0.0475082 0.01 
v 0.0195821 0.0481125 0.01 
v 0.0199112 0.0474362 0.01 
v 0.0194054 0.047978 0.01 
v 0.0235064 0.0473736 0.01 
v 0.02342 0.0475514 0.01 
v 0.0224752 0.0469963 0.01 
v 0.0232218 0.047842 0.01 
v 0.022342 0.0472003 0.01 
v 0.0224111 0.0471055 0.01 
v 0.0231019 0.0479697 0.01 
v 0.0222922 0.047258 0.01 
v 0.0230056 0.0480552 0.01 
v 0.0228443 0.0481744 0.01 
v 0.0222082 0.0473397 0.01 
v 0.0226773 0.0482729 0.01 
v 0.0220203 0.0474722 0.01 
v 0.0197764 0.0473566 0.01 
v 0.0233253 0.0477058 0.01 
v 0.0221194 0.0474094 0.01 
v 0.0196458 0.0472602 0.01 
v 0.0192468 0.0478297 0.01 
v 0.0191034 0.0476642 0.01 
v 0.0189834 0.0474935 0.01 
v 0.0194688 0.0470867 0.01 
v 0.0195321 0.0471557 0.01 
v 0.0189324 0.0474935 0.01 
v 0.019012 0.0459302 0.01 
v 0.019071 0.0462397 0.01 
v 0.0192147 0.0466753 0.01 
v 0.0192936 0.046834 0.01 
v 0.0191399 0.0464815 0.01 
v 0.0179005 0.0414652 0.01 
v 0.0189654 0.0454286 0.01 
v 0.0189589 0.0414652 0.01 
v 0.0189589 0.0451299 0.01 
v 0.0193759 0.0469663 0.01 
v 0.0179005 0.04845 0.01 
v 0.0187611 0.04845 0.01 
v 0.0145146 0.050465 0.01 
v 0.014528 0.0505588 0.01 
v 0.0145463 0.0506337 0.01 
v 0.0145677 0.0506951 0.01 
v 0.0145916 0.0507467 0.01 
v 0.0146176 0.0507909 0.01 
v 0.014649 0.0508336 0.01 
v 0.0146797 0.0508673 0.01 
v 0.0146875 0.0508748 0.01 
v 0.014509 0.0503425 0.01 
v 0.0155746 0.0508717 0.01 
v 0.0156707 0.0507483 0.01 
v 0.0156427 0.050793 0.01 
v 0.0151351 0.051044 0.01 
v 0.0155826 0.049818 0.01 
v 0.0156158 0.0498544 0.01 
v 0.0156956 0.0506978 0.01 
v 0.0156488 0.0498991 0.01 
v 0.0155746 0.0498102 0.01 
v 0.014841 0.0509813 0.01 
v 0.0147869 0.0509517 0.01 
v 0.0157582 0.0503932 0.01 
v 0.0153718 0.051001 0.01 
v 0.0153086 0.0510219 0.01 
v 0.0154896 0.0509396 0.01 
v 0.0154323 0.0509735 0.01 
v 0.0157175 0.05064 0.01 
v 0.0156761 0.0499453 0.01 
v 0.0146206 0.0498916 0.01 
v 0.0146513 0.0498498 0.01 
v 0.0148973 0.0510049 0.01 
v 0.0152436 0.051036 0.01 
v 0.0155429 0.0508998 0.01 
v 0.0157359 0.0505724 0.01 
v 0.0157007 0.0499983 0.01 
v 0.0148189 0.0497115 0.01 
v 0.0148738 0.0496847 0.01 
v 0.014593 0.0499382 0.01 
v 0.0147343 0.050915 0.01 
v 0.0157501 0.0504918 0.01 
v 0.0157225 0.0500604 0.01 
v 0.0153723 0.0496788 0.01 
v 0.0154328 0.0497069 0.01 
v 0.0147677 0.0497434 0.01 
v 0.0145685 0.0499911 0.01 
v 0.0145158 0.0502104 0.01 
v 0.0149571 0.0510231 0.01 
v 0.0157407 0.0501348 0.01 
v 0.01549 0.0497413 0.01 
v 0.0152439 0.0496432 0.01 
v 0.0153091 0.0496575 0.01 
v 0.014934 0.049663 0.01 
v 0.0145469 0.0500521 0.01 
v 0.0150219 0.051036 0.01 
v 0.0156114 0.0508333 0.01 
v 0.0157538 0.0502261 0.01 
v 0.0147192 0.0497811 0.01 
v 0.014529 0.050124 0.01 
v 0.0150935 0.051043 0.01 
v 0.0151775 0.0510429 0.01 
v 0.0157592 0.0503425 0.01 
v 0.0151776 0.049636 0.01 
v 0.0149938 0.0496481 0.01 
v 0.015543 0.0497818 0.01 
v 0.0150601 0.0496384 0.01 
v 0.0146875 0.0498102 0.01 
v 0.0151351 0.0496348 0.01 
v 0.0145988 0.0414652 0.01 
v 0.0156572 0.0414652 0.01 
v 0.0156572 0.04845 0.01 
v 0.0145988 0.04845 0.01 
v -0.0244183 0.0414652 0.01 
v -0.0233599 0.0414652 0.01 
v -0.0233599 0.04845 0.01 
v -0.0244183 0.04845 0.01 
v -0.024508 0.0503425 0.01 
v -0.024489 0.0505588 0.01 
v -0.0244708 0.0506337 0.01 
v -0.0244493 0.0506951 0.01 
v -0.0244254 0.0507467 0.01 
v -0.0243994 0.0507909 0.01 
v -0.024368 0.0508336 0.01 
v -0.0243373 0.0508673 0.01 
v -0.0243296 0.0508748 0.01 
v -0.0245024 0.050465 0.01 
v -0.0234424 0.0508717 0.01 
v -0.0233464 0.0507483 0.01 
v -0.0233743 0.050793 0.01 
v -0.0238819 0.051044 0.01 
v -0.0234345 0.049818 0.01 
v -0.0234013 0.0498544 0.01 
v -0.0232589 0.0503932 0.01 
v -0.0236453 0.051001 0.01 
v -0.0237084 0.0510219 0.01 
v -0.0233214 0.0506978 0.01 
v -0.0233682 0.0498991 0.01 
v -0.0234424 0.0498102 0.01 
v -0.0241761 0.0509813 0.01 
v -0.0242301 0.0509517 0.01 
v -0.0235847 0.0509735 0.01 
v -0.0234742 0.0508998 0.01 
v -0.0235275 0.0509396 0.01 
v -0.0232996 0.05064 0.01 
v -0.023341 0.0499453 0.01 
v -0.0243964 0.0498916 0.01 
v -0.0243657 0.0498498 0.01 
v -0.0241198 0.0510049 0.01 
v -0.0232811 0.0505724 0.01 
v -0.0233163 0.0499983 0.01 
v -0.0241982 0.0497115 0.01 
v -0.0241432 0.0496847 0.01 
v -0.024424 0.0499382 0.01 
v -0.0242828 0.050915 0.01 
v -0.0237734 0.051036 0.01 
v -0.023267 0.0504918 0.01 
v -0.0232945 0.0500604 0.01 
v -0.0237731 0.0496432 0.01 
v -0.023708 0.0496575 0.01 
v -0.0242493 0.0497434 0.01 
v -0.0244486 0.0499911 0.01 
v -0.0245013 0.0502104 0.01 
v -0.0240599 0.0510231 0.01 
v -0.0232764 0.0501348 0.01 
v -0.0236447 0.0496788 0.01 
v -0.0235842 0.0497069 0.01 
v -0.0238395 0.049636 0.01 
v -0.0240831 0.049663 0.01 
v -0.0244701 0.0500521 0.01 
v -0.0239951 0.051036 0.01 
v -0.0234056 0.0508333 0.01 
v -0.0232632 0.0502261 0.01 
v -0.0242979 0.0497811 0.01 
v -0.024488 0.050124 0.01 
v -0.0239235 0.051043 0.01 
v -0.0238396 0.0510429 0.01 
v -0.0232579 0.0503425 0.01 
v -0.0235271 0.0497413 0.01 
v -0.0240233 0.0496481 0.01 
v -0.023474 0.0497818 0.01 
v -0.023957 0.0496384 0.01 
v -0.0243296 0.0498102 0.01 
v -0.0238819 0.0496348 0.01 
v -0.0163363 0.0459844 0.01 
v -0.0163363 0.0414652 0.01 
v -0.0178148 0.0485785 0.01 
v -0.0177986 0.0476757 0.01 
v -0.0175738 0.0476553 0.01 
v -0.0179722 0.048575 0.01 
v -0.0179433 0.0476791 0.01 
v -0.0182877 0.0485457 0.01 
v -0.0173754 0.0485582 0.01 
v -0.0173909 0.0476218 0.01 
v -0.0182845 0.0476634 0.01 
v -0.0167604 0.0484422 0.01 
v -0.0170351 0.0485093 0.01 
v -0.0172386 0.0475789 0.01 
v -0.0185777 0.0484896 0.01 
v -0.0165328 0.0483625 0.01 
v -0.0171091 0.0475288 0.01 
v -0.0185519 0.047625 0.01 
v -0.0188495 0.0484079 0.01 
v -0.019121 0.048294 0.01 
v -0.0187694 0.0475718 0.01 
v -0.0152779 0.0414652 0.01 
v -0.0152779 0.0460211 0.01 
v -0.0152819 0.0462292 0.01 
v -0.0163504 0.0462934 0.01 
v -0.0153132 0.0466114 0.01 
v -0.016384 0.0465288 0.01 
v -0.0192352 0.048235 0.01 
v -0.0153659 0.0469161 0.01 
v -0.0164295 0.0467158 0.01 
v -0.015433 0.0471653 0.01 
v -0.0164827 0.0468685 0.01 
v -0.0189509 0.0475082 0.01 
v -0.0194349 0.0481125 0.01 
v -0.0191058 0.0474362 0.01 
v -0.0196117 0.047978 0.01 
v -0.0155107 0.0473736 0.01 
v -0.0155971 0.0475514 0.01 
v -0.0165419 0.0469963 0.01 
v -0.0157952 0.047842 0.01 
v -0.0166751 0.0472003 0.01 
v -0.016606 0.0471055 0.01 
v -0.0159152 0.0479697 0.01 
v -0.0167248 0.047258 0.01 
v -0.0160114 0.0480552 0.01 
v -0.0161728 0.0481744 0.01 
v -0.0168089 0.0473397 0.01 
v -0.0163398 0.0482729 0.01 
v -0.0169967 0.0474722 0.01 
v -0.0192407 0.0473566 0.01 
v -0.0156918 0.0477058 0.01 
v -0.0168976 0.0474094 0.01 
v -0.0193712 0.0472602 0.01 
v -0.0197702 0.0478297 0.01 
v -0.0199137 0.0476642 0.01 
v -0.0200337 0.0474935 0.01 
v -0.0195483 0.0470867 0.01 
v -0.0194849 0.0471557 0.01 
v -0.0200846 0.0474935 0.01 
v -0.020005 0.0459302 0.01 
v -0.019946 0.0462397 0.01 
v -0.0198024 0.0466753 0.01 
v -0.0197234 0.046834 0.01 
v -0.0198772 0.0464815 0.01 
v -0.0211166 0.0414652 0.01 
v -0.0200516 0.0454286 0.01 
v -0.0200581 0.0414652 0.01 
v -0.0200581 0.0451299 0.01 
v -0.0196411 0.0469663 0.01 
v -0.0211166 0.04845 0.01 
v -0.0202559 0.04845 0.01 
v -0.0131059 0.0414652 0.01 
v -0.0120475 0.0414652 0.01 
v -0.0120475 0.04845 0.01 
v -0.0131059 0.04845 0.01 
v -0.0131901 0.050465 0.01 
v -0.0131767 0.0505588 0.01 
v -0.013137 0.0506951 0.01 
v -0.0131131 0.0507467 0.01 
v -0.0130871 0.0507909 0.01 
v -0.0130557 0.0508336 0.01 
v -0.013025 0.0508673 0.01 
v -0.0130172 0.0508748 0.01 
v -0.0131584 0.0506337 0.01 
v -0.0131957 0.0503425 0.01 
v -0.0121301 0.0508717 0.01 
v -0.012034 0.0507483 0.01 
v -0.012062 0.050793 0.01 
v -0.0125696 0.051044 0.01 
v -0.0121221 0.049818 0.01 
v -0.0120889 0.0498544 0.01 
v -0.0120091 0.0506978 0.01 
v -0.0120559 0.0498991 0.01 
v -0.0121301 0.0498102 0.01 
v -0.0128637 0.0509813 0.01 
v -0.0129178 0.0509517 0.01 
v -0.0119465 0.0503932 0.01 
v -0.0123961 0.0510219 0.01 
v -0.0124611 0.051036 0.01 
v -0.0122151 0.0509396 0.01 
v -0.0122724 0.0509735 0.01 
v -0.0119872 0.05064 0.01 
v -0.0120286 0.0499453 0.01 
v -0.0130841 0.0498916 0.01 
v -0.0130534 0.0498498 0.01 
v -0.0128074 0.0510049 0.01 
v -0.0123329 0.051001 0.01 
v -0.0121618 0.0508998 0.01 
v -0.0119688 0.0505724 0.01 
v -0.012004 0.0499983 0.01 
v -0.0128858 0.0497115 0.01 
v -0.0128309 0.0496847 0.01 
v -0.0131117 0.0499382 0.01 
v -0.0129704 0.050915 0.01 
v -0.0119546 0.0504918 0.01 
v -0.0119822 0.0500604 0.01 
v -0.012937 0.0497434 0.01 
v -0.0131363 0.0499911 0.01 
v -0.0131889 0.0502104 0.01 
v -0.0127476 0.0510231 0.01 
v -0.011964 0.0501348 0.01 
v -0.0123956 0.0496575 0.01 
v -0.0123324 0.0496788 0.01 
v -0.0125271 0.049636 0.01 
v -0.0124608 0.0496432 0.01 
v -0.0127708 0.049663 0.01 
v -0.0131578 0.0500521 0.01 
v -0.0126828 0.051036 0.01 
v -0.0120933 0.0508333 0.01 
v -0.0119509 0.0502261 0.01 
v -0.0122719 0.0497069 0.01 
v -0.0122147 0.0497413 0.01 
v -0.0129855 0.0497811 0.01 
v -0.0131757 0.050124 0.01 
v -0.0126112 0.051043 0.01 
v -0.0125273 0.0510429 0.01 
v -0.0119456 0.0503425 0.01 
v -0.0127109 0.0496481 0.01 
v -0.0121617 0.0497818 0.01 
v -0.0126447 0.0496384 0.01 
v -0.0130172 0.0498102 0.01 
v -0.0125696 0.0496348 0.01 
v -0.00531037 0.0431358 0.01 
v -0.00533981 0.0429341 0.01 
v -0.00538386 0.0427564 0.01 
v -0.00544064 0.0425964 0.01 
v -0.00551645 0.0424369 0.01 
v -0.00560531 0.042292 0.01 
v -0.00570809 0.0421579 0.01 
v -0.00582705 0.0420316 0.01 
v -0.00596573 0.041911 0.01 
v -0.00602529 0.0418659 0.01 
v -0.00529928 0.0433699 0.01 
v -0.00950174 0.0424584 0.01 
v -0.00989841 0.0426054 0.01 
v -0.0101473 0.0417322 0.01 
v -0.00961917 0.041525 0.01 
v -0.00924303 0.0414355 0.01 
v -0.00915053 0.0423577 0.01 
v -0.0102305 0.0417772 0.01 
v -0.00991302 0.0416257 0.01 
v -0.00874565 0.0413665 0.01 
v -0.00880263 0.0422816 0.01 
v -0.00805241 0.0446649 0.01 
v -0.00764346 0.0455226 0.01 
v -0.00832438 0.0457999 0.01 
v -0.00758853 0.0444771 0.01 
v -0.00741409 0.0454358 0.01 
v -0.0078926 0.0485733 0.01 
v -0.0083043 0.0485375 0.01 
v -0.00809464 0.0476752 0.01 
v -0.00999498 0.0458271 0.01 
v -0.00910971 0.0463422 0.01 
v -0.00914646 0.0464011 0.01 
v -0.00990071 0.0457025 0.01 
v -0.00909963 0.046328 0.01 
v -0.00655561 0.0450757 0.01 
v -0.00772612 0.0476913 0.01 
v -0.00765066 0.0485785 0.01 
v -0.0086393 0.0484773 0.01 
v -0.00834816 0.04764 0.01 
v -0.00839387 0.0422276 0.01 
v -0.00806465 0.0413367 0.01 
v -0.00803814 0.0422116 0.01 
v -0.00653244 0.0438452 0.01 
v -0.0057357 0.0445242 0.01 
v -0.00583128 0.0446161 0.01 
v -0.00597749 0.0447338 0.01 
v -0.00667177 0.0439797 0.01 
v -0.00660435 0.0439202 0.01 
v -0.00978248 0.0455745 0.01 
v -0.00904397 0.0462597 0.01 
v -0.00963246 0.0454409 0.01 
v -0.00897653 0.0461915 0.01 
v -0.00943816 0.0452992 0.01 
v -0.00888548 0.0461146 0.01 
v -0.00927094 0.045198 0.01 
v -0.00888626 0.045005 0.01 
v -0.00863771 0.0459528 0.01 
v -0.00772096 0.0413463 0.01 
v -0.0063199 0.043233 0.01 
v -0.00632911 0.0431249 0.01 
v -0.00631896 0.0432822 0.01 
v -0.00620643 0.0448859 0.01 
v -0.00678691 0.044065 0.01 
v -0.00873309 0.0460091 0.01 
v -0.0070287 0.0442104 0.01 
v -0.00853482 0.0475957 0.01 
v -0.00891846 0.0483999 0.01 
v -0.00867706 0.0475472 0.01 
v -0.00936204 0.0482063 0.01 
v -0.00886102 0.0474558 0.01 
v -0.00878875 0.0474965 0.01 
v -0.00955542 0.0480839 0.01 
v -0.00894505 0.0473984 0.01 
v -0.0102508 0.0467349 0.01 
v -0.0092434 0.0468063 0.01 
v -0.00924312 0.0468287 0.01 
v -0.00923871 0.0467073 0.01 
v -0.00763094 0.0422297 0.01 
v -0.00729427 0.0413894 0.01 
v -0.00734457 0.0422699 0.01 
v -0.00632321 0.0433704 0.01 
v -0.00735318 0.0476717 0.01 
v -0.00726522 0.0485648 0.01 
v -0.00915609 0.048309 0.01 
v -0.0102417 0.0469256 0.01 
v -0.00923731 0.046908 0.01 
v -0.0102497 0.0466634 0.01 
v -0.00694999 0.041456 0.01 
v -0.00712974 0.0423213 0.01 
v -0.00642497 0.0416344 0.01 
v -0.00621826 0.0417405 0.01 
v -0.00676456 0.0424757 0.01 
v -0.00634661 0.0430292 0.01 
v -0.00530214 0.043481 0.01 
v -0.0102352 0.0464789 0.01 
v -0.00922617 0.0466215 0.01 
v -0.00666538 0.0415389 0.01 
v -0.00696322 0.0423785 0.01 
v -0.00683042 0.0424392 0.01 
v -0.00667724 0.0425332 0.01 
v -0.00637135 0.042943 0.01 
v -0.00563231 0.0444044 0.01 
v -0.01005 0.045914 0.01 
v -0.00643894 0.047481 0.01 
v -0.00582135 0.047259 0.01 
v -0.00580345 0.0482597 0.01 
v -0.00901211 0.0473423 0.01 
v -0.0102068 0.0463174 0.01 
v -0.00920731 0.0465455 0.01 
v -0.00660479 0.0425919 0.01 
v -0.00640298 0.0428636 0.01 
v -0.0054619 0.0441308 0.01 
v -0.006427 0.0436974 0.01 
v -0.00638895 0.0436221 0.01 
v -0.00553813 0.0442694 0.01 
v -0.00647423 0.0437714 0.01 
v -0.00544446 0.0481187 0.01 
v -0.00628096 0.0484049 0.01 
v -0.00676952 0.0485068 0.01 
v -0.00693782 0.047608 0.01 
v -0.00963154 0.0480271 0.01 
v -0.00976624 0.0479107 0.01 
v -0.0090666 0.0472868 0.01 
v -0.00987936 0.0477917 0.01 
v -0.00911138 0.0472312 0.01 
v -0.00997506 0.0476683 0.01 
v -0.00914781 0.0471756 0.01 
v -0.0102171 0.047094 0.01 
v -0.00922473 0.0469805 0.01 
v -0.00644034 0.0427918 0.01 
v -0.00540096 0.0439862 0.01 
v -0.0101793 0.047246 0.01 
v -0.00920581 0.0470483 0.01 
v -0.00654373 0.0426521 0.01 
v -0.00648712 0.0427208 0.01 
v -0.0101158 0.046042 0.01 
v -0.0101241 0.0473989 0.01 
v -0.0091804 0.0471129 0.01 
v -0.0101667 0.0461732 0.01 
v -0.00917981 0.0464694 0.01 
v -0.00532056 0.0436655 0.01 
v -0.006337 0.0434607 0.01 
v -0.00635907 0.0435438 0.01 
v -0.0100561 0.0475384 0.01 
v -0.00535389 0.0438323 0.01 
v -0.0102305 0.0427578 0.01 
v 0.0012022 0.0459844 0.01 
v 0.0012022 0.0414652 0.01 
v 0.000148419 0.0485434 0.01 
v -0.000302845 0.0485642 0.01 
v -0.000260145 0.0476757 0.01 
v -0.000524105 0.0485575 0.01 
v -0.000404813 0.0476791 0.01 
v -0.000831997 0.0485238 0.01 
v -0.000745474 0.0476634 0.01 
v -3.52891e-05 0.0476553 0.01 
v 0.000147572 0.0476218 0.01 
v 0.000774021 0.0484255 0.01 
v 0.00049529 0.0484936 0.01 
v 0.000299861 0.0475789 0.01 
v -0.00110998 0.0484655 0.01 
v 0.00100406 0.0483449 0.01 
v 0.000429415 0.0475288 0.01 
v -0.00101234 0.0476251 0.01 
v 0.00226063 0.0414652 0.01 
v 0.00226063 0.0460211 0.01 
v 0.00225657 0.0462275 0.01 
v -0.00136589 0.0483845 0.01 
v -0.00161823 0.0482746 0.01 
v -0.00173123 0.0482144 0.01 
v -0.00141006 0.0475087 0.01 
v 0.00118811 0.0462934 0.01 
v 0.00222553 0.0466021 0.01 
v 0.0011545 0.0465288 0.01 
v -0.00122921 0.0475721 0.01 
v 0.00217316 0.0469024 0.01 
v 0.00110905 0.0467158 0.01 
v 0.00210628 0.0471492 0.01 
v 0.00105576 0.0468685 0.01 
v -0.00192952 0.0480894 0.01 
v -0.00156432 0.047437 0.01 
v -0.00210283 0.0479545 0.01 
v 0.00202855 0.0473565 0.01 
v 0.00194171 0.0475341 0.01 
v 0.000996648 0.0469963 0.01 
v 0.00174126 0.0478263 0.01 
v 0.000863425 0.0472003 0.01 
v 0.000932517 0.0471055 0.01 
v 0.00161925 0.0479554 0.01 
v 0.000813705 0.047258 0.01 
v 0.00152762 0.0480366 0.01 
v 0.00136591 0.048156 0.01 
v 0.000729646 0.0473397 0.01 
v 0.0011984 0.0482547 0.01 
v 0.000541755 0.0474722 0.01 
v -0.0016985 0.0473578 0.01 
v 0.00184615 0.0476891 0.01 
v 0.00064086 0.0474094 0.01 
v -0.0018284 0.0472619 0.01 
v -0.00225629 0.0478079 0.01 
v -0.00239338 0.0476467 0.01 
v -0.00250739 0.0474813 0.01 
v -0.00201285 0.0470795 0.01 
v -0.00194147 0.047158 0.01 
v -0.00257061 0.0474813 0.01 
v -0.00247111 0.0458877 0.01 
v -0.00241289 0.0462074 0.01 
v -0.00226905 0.0466564 0.01 
v -0.00218956 0.0468197 0.01 
v -0.00234416 0.0464568 0.01 
v -0.00357806 0.0414652 0.01 
v -0.00251513 0.0453677 0.01 
v -0.00251963 0.0414652 0.01 
v -0.00251963 0.0451177 0.01 
v -0.00210657 0.0469558 0.01 
v -0.00357806 0.0513826 0.01 
v -0.00254947 0.0476592 0.01 
v -0.00251963 0.0483806 0.01 
v -0.00251963 0.0513826 0.01 
v 0.00798308 0.0414652 0.01 
v 0.00798308 0.050783 0.01 
v 0.00906598 0.0424461 0.01 
v 0.0131773 0.0414652 0.01 
v 0.0131773 0.0424461 0.01 
v 0.00906598 0.050783 0.01 
v -0.0309952 0.0414652 0.01 
v -0.0299123 0.0414652 0.01 
v -0.025801 0.050783 0.01 
v -0.0309952 0.050783 0.01 
v -0.0299123 0.0498204 0.01 
v -0.0299123 0.045448 0.01 
v -0.0299123 0.0464106 0.01 
v -0.0260498 0.0464106 0.01 
v -0.0260498 0.045448 0.01 
v -0.025801 0.0498204 0.01 
v 0.0285745 0.0476913 0.01 
v 0.0287503 0.0476851 0.01 
v 0.0283441 0.0476804 0.01 
v 0.0302786 0.0460015 0.01 
v 0.0302957 0.0456275 0.01 
v 0.0289433 0.0476619 0.01 
v 0.0291117 0.0476253 0.01 
v 0.0302372 0.0462906 0.01 
v 0.028146 0.0476515 0.01 
v 0.0266432 0.0456275 0.01 
v 0.0301805 0.0465229 0.01 
v 0.0279716 0.0476083 0.01 
v 0.0266715 0.0458596 0.01 
v 0.0301134 0.0467147 0.01 
v 0.0278149 0.0475527 0.01 
v 0.0300383 0.0468768 0.01 
v 0.0298501 0.0471591 0.01 
v 0.0298666 0.047139 0.01 
v 0.0297527 0.0472646 0.01 
v 0.0292615 0.0475769 0.01 
v 0.0272631 0.0471752 0.01 
v 0.0267314 0.0461604 0.01 
v 0.029956 0.0470165 0.01 
v 0.0293973 0.0475176 0.01 
v 0.0272336 0.0471438 0.01 
v 0.0271037 0.0469852 0.01 
v 0.0268068 0.0464128 0.01 
v 0.0276588 0.0474785 0.01 
v 0.0273862 0.0472912 0.01 
v 0.0268945 0.0466291 0.01 
v 0.0269934 0.0468178 0.01 
v 0.0296406 0.0473635 0.01 
v 0.0295228 0.047447 0.01 
v 0.0275171 0.0473916 0.01 
v 0.0283441 0.0476804 0.012 
v 0.0285745 0.0476913 0.012 
v 0.028146 0.0476515 0.012 
v 0.0279716 0.0476083 0.012 
v 0.0278149 0.0475527 0.012 
v 0.0276588 0.0474785 0.012 
v 0.0275171 0.0473916 0.012 
v 0.0273862 0.0472912 0.012 
v 0.0272631 0.0471752 0.012 
v 0.0272336 0.0471438 0.012 
v 0.0298501 0.0471591 0.012 
v 0.0297527 0.0472646 0.012 
v 0.0296406 0.0473635 0.012 
v 0.0295228 0.047447 0.012 
v 0.0271037 0.0469852 0.012 
v 0.0293973 0.0475176 0.012 
v 0.0269934 0.0468178 0.012 
v 0.0266432 0.0456275 0.012 
v 0.0300383 0.0468768 0.012 
v 0.029956 0.0470165 0.012 
v 0.0268945 0.0466291 0.012 
v 0.0292615 0.0475769 0.012 
v 0.0301134 0.0467147 0.012 
v 0.0268068 0.0464128 0.012 
v 0.0291117 0.0476253 0.012 
v 0.0301805 0.0465229 0.012 
v 0.0267314 0.0461604 0.012 
v 0.0289433 0.0476619 0.012 
v 0.0302372 0.0462906 0.012 
v 0.0266715 0.0458596 0.012 
v 0.0287503 0.0476851 0.012 
v 0.0302786 0.0460015 0.012 
v 0.0302957 0.0456275 0.012 
v 0.0298666 0.047139 0.012 
vn 0 0 -1 
vn -1 0 0 
vn 6.93889e-16 -1 0 
vn 0 0 1 
vn 1 1.98254e-16 0 
vn 0 1 0 
vn 0 0 -1 
vn 1.38778e-16 -1 0 
vn -1 0 0 
vn 0 0 -1 
vn 0 -1 0 
vn 1 0 0 
vn 0 0 1 
vn 0.0969666 0.995288 0 
vn 0 1 0 
vn 0.193241 0.981151 0 
vn 0.171165 0.985242 0 
vn 0.28798 0.957636 0 
vn 0.380178 0.924913 0 
vn 0.477898 0.878416 0 
vn 0.568184 0.822902 0 
vn 0.65026 0.759712 0 
vn 0.725273 0.688461 0 
vn 0.380178 0.924913 0 
vn 0 1 0 
vn -0.20762 0.97821 0 
vn -0.113227 0.993569 0 
vn -0.142998 0.989723 0 
vn -0.0188833 0.999822 0 
vn 0 1 0 
vn -0.20762 0.97821 0 
vn -0.312167 0.950027 0 
vn -0.403123 0.915146 0 
vn -0.218249 0.975893 0 
vn -0.312167 0.950027 0 
vn -1 0 0 
vn 0.104866 -0.994486 0 
vn 0 -1 0 
vn 0.206152 -0.97852 0 
vn 0.303239 -0.952915 0 
vn 0.393303 -0.919409 0 
vn 0 -1 0 
vn -0.664183 -0.74757 0 
vn -0.734173 -0.678963 0 
vn -0.581982 -0.813202 0 
vn -0.49522 -0.868768 0 
vn -0.40518 -0.914237 0 
vn -0.312957 -0.949767 0 
vn -0.219604 -0.975589 0 
vn -0.126125 -0.992014 0 
vn -0.033473 -0.99944 0 
vn 0 -1 0 
vn -0.581982 -0.813202 0 
vn -0.734173 -0.678963 0 
vn -0.992451 -0.122642 0 
vn -0.999648 -0.0265247 0 
vn -0.976049 -0.217551 0 
vn -0.950406 -0.311011 0 
vn -0.915669 -0.401933 0 
vn -0.87211 -0.489309 0 
vn -0.820116 -0.572197 0 
vn -0.753588 -0.657347 0 
vn -0.734173 -0.678963 0 
vn -0.999648 -0.0265247 0 
vn 0 1 0 
vn -1 0 0 
vn -0.810031 -0.586387 0 
vn -0.748676 -0.662936 0 
vn -0.866322 -0.499485 0 
vn -0.912461 -0.409164 0 
vn -0.94856 -0.316597 0 
vn -0.974854 -0.222843 0 
vn -0.991656 -0.128911 0 
vn -0.99936 -0.035762 0 
vn -1 0 0 
vn -0.912461 -0.409164 0 
vn -0.748676 -0.662936 0 
vn -0.0970595 -0.995279 0 
vn 0 -1 0 
vn -0.193469 -0.981106 0 
vn -0.288297 -0.957541 0 
vn -0.197668 -0.980269 0 
vn -0.380549 -0.924761 0 
vn -0.477426 -0.878672 0 
vn -0.566987 -0.823727 0 
vn -0.648523 -0.761195 0 
vn -0.721727 -0.692178 0 
vn -0.748676 -0.662936 0 
vn -0.477426 -0.878672 0 
vn 0 -1 0 
vn 0.70056 -0.713594 0 
vn 0.766866 -0.641808 0 
vn 0.627403 -0.778695 0 
vn 0.540699 -0.841216 0 
vn 0.449785 -0.893137 0 
vn 0.356081 -0.934455 0 
vn 0.260695 -0.965421 0 
vn 0.164677 -0.986348 0 
vn 0.192119 -0.981372 0 
vn 0.0690269 -0.997615 0 
vn 0 -1 0 
vn 0.766866 -0.641808 0 
vn 0.994948 -0.100391 0 
vn 1 0 0 
vn 0.980562 -0.196211 0 
vn 0.956841 -0.290612 0 
vn 0.923941 -0.382535 0 
vn 0.882133 -0.471 0 
vn 0.826172 -0.563418 0 
vn 0.766866 -0.641808 0 
vn 1 0 0 
vn 0.789258 0.614062 0 
vn 0.725273 0.688461 0 
vn 0.848259 0.529582 0 
vn 0.897324 0.441373 0 
vn 0.936532 0.350582 0 
vn 0.966072 0.258272 0 
vn 0.986217 0.165459 0 
vn 0.997324 0.0731124 0 
vn 1 0 0 
vn 0.725273 0.688461 0 
vn 0 0 1 
vn 0 1 0 
vn -1 0 0 
vn -0.764585 -0.644523 0 
vn -0.690723 -0.723119 0 
vn -0.825326 -0.564656 0 
vn -0.8768 -0.480855 0 
vn -0.919021 -0.394209 0 
vn -0.952109 -0.305757 0 
vn -0.976281 -0.216507 0 
vn -0.991848 -0.127427 0 
vn -0.999222 -0.0394424 0 
vn -1 0 0 
vn -0.690723 -0.723119 0 
vn -0.0961642 -0.995365 0 
vn 0 -1 0 
vn -0.191413 -0.98151 0 
vn -0.181027 -0.983478 0 
vn -0.28548 -0.958385 0 
vn -0.377268 -0.926104 0 
vn -0.465758 -0.884912 0 
vn -0.549996 -0.835168 0 
vn -0.637064 -0.770811 0 
vn -0.690723 -0.723119 0 
vn 0 -1 0 
vn 0.336467 -0.941695 0 
vn 0.436542 -0.899684 0 
vn 0.239222 -0.970965 0 
vn 0.14157 -0.989928 0 
vn 0.195762 -0.980651 0 
vn 0.0445053 -0.999009 0 
vn 0 -1 0 
vn 0.436542 -0.899684 0 
vn 0.788779 -0.614677 0 
vn 0.845171 -0.534496 0 
vn 0.72006 -0.693912 0 
vn 0.645067 -0.764126 0 
vn 0.565035 -0.825067 0 
vn 0.481067 -0.876684 0 
vn 0.436542 -0.899684 0 
vn 0.788779 -0.614677 0 
vn 0 -1 0 
vn -0.984337 -0.176299 0 
vn 1 0 0 
vn 0 1 0 
vn -1 0 0 
vn -0.822279 0.569085 0 
vn -0.757966 0.652294 0 
vn -0.872863 0.487965 0 
vn -0.914766 0.403984 0 
vn -0.947978 0.318337 0 
vn -0.972713 0.232012 0 
vn -0.989289 0.145973 0 
vn -0.998982 0.0451069 0 
vn -1 0 0 
vn -0.757966 0.652294 0 
vn -0.0960413 0.995377 0 
vn 0 1 0 
vn -0.191432 0.981506 0 
vn -0.285592 0.958351 0 
vn -0.377442 0.926033 0 
vn -0.465969 0.884801 0 
vn -0.550224 0.835017 0 
vn -0.636919 0.77093 0 
vn -0.714657 0.699475 0 
vn -0.757966 0.652294 0 
vn 0 1 0 
vn 0.657159 0.753752 0 
vn 0.735008 0.678058 0 
vn 0.577256 0.816563 0 
vn 0.493206 0.869912 0 
vn 0.40609 0.913833 0 
vn 0.316962 0.948438 0 
vn 0.226842 0.973932 0 
vn 0.136707 0.990611 0 
vn 0.0474954 0.998871 0 
vn 0 1 0 
vn 0.40609 0.913833 0 
vn 0.735008 0.678058 0 
vn 0.995419 0.0956113 0 
vn 1 0 0 
vn 0.981677 0.19055 0 
vn 0.958699 0.284421 0 
vn 0.926581 0.376096 0 
vn 0.885554 0.464536 0 
vn 0.835971 0.548773 0 
vn 0.778288 0.627907 0 
vn 0.735008 0.678058 0 
vn 0.835971 0.548773 0 
vn 1 0 0 
vn 0.99541 -0.0957008 0 
vn 0.981642 -0.190734 0 
vn 0.958627 -0.284666 0 
vn 0.926467 -0.376377 0 
vn 0.948762 -0.315991 0 
vn 0.885397 -0.464835 0 
vn 0.835773 -0.549076 0 
vn 0.771069 -0.636752 0 
vn 0.705013 -0.709195 0 
vn 0.688204 -0.725517 0 
vn 1 0 0 
vn 0 0 1 
vn 0.774038 0.633139 0 
vn 0.700967 0.713193 0 
vn 0.834115 0.55159 0 
vn 0.884676 0.466206 0 
vn 0.925778 0.378069 0 
vn 0.957563 0.288224 0 
vn 0.948684 0.316226 0 
vn 0.980266 0.197683 0 
vn 0.994215 0.107413 0 
vn 1 0 0 
vn 0.884676 0.466206 0 
vn 0.700967 0.713193 0 
vn 0.0973191 0.995253 0 
vn 0 1 0 
vn 0.193963 0.981009 0 
vn 0.288945 0.957346 0 
vn 0.390064 0.920788 0 
vn 0.484735 0.874661 0 
vn 0.572109 0.820178 0 
vn 0.65178 0.758408 0 
vn 0.700967 0.713193 0 
vn 0 1 0 
vn -0.562104 0.827066 0 
vn -0.648461 0.761248 0 
vn -0.469121 0.883134 0 
vn -0.562104 0.827066 0 
vn -0.370607 0.92879 0 
vn -0.469121 0.883134 0 
vn -0.267724 0.963496 0 
vn -0.370607 0.92879 0 
vn -0.161685 0.986842 0 
vn -0.267724 0.963496 0 
vn -0.053739 0.998555 0 
vn -0.161685 0.986842 0 
vn -0.699495 0.714638 0 
vn 0.0153643 0.999882 0 
vn -0.053739 0.998555 0 
vn -0.995376 0.0960564 0 
vn -1 0 0 
vn -0.9815 0.191463 0 
vn -0.958339 0.285634 0 
vn -0.926014 0.377489 0 
vn -0.884775 0.466019 0 
vn -0.834983 0.550275 0 
vn -0.770927 0.636924 0 
vn -0.704776 0.70943 0 
vn -0.688855 0.724899 0 
vn -1 0 0 
vn -0.757822 -0.652461 0 
vn -0.682462 -0.730921 0 
vn -0.820349 -0.571864 0 
vn -0.873311 -0.487164 0 
vn -0.916759 -0.39944 0 
vn -0.950818 -0.30975 0 
vn -0.975699 -0.219114 0 
vn -0.991708 -0.128511 0 
vn -0.999244 -0.0388764 0 
vn -1 0 0 
vn -0.950818 -0.30975 0 
vn -0.820349 -0.571864 0 
vn -0.682462 -0.730921 0 
vn -0.15814 -0.987417 0 
vn -0.0515072 -0.998673 0 
vn -0.262954 -0.964808 0 
vn -0.15814 -0.987417 0 
vn -0.364746 -0.931107 0 
vn -0.262954 -0.964808 0 
vn -0.462343 -0.886701 0 
vn -0.364746 -0.931107 0 
vn -0.554625 -0.8321 0 
vn -0.462343 -0.886701 0 
vn -0.640531 -0.767933 0 
vn -0.611691 -0.791097 0 
vn 0.0167361 -0.99986 0 
vn -0.691422 -0.722451 0 
vn 0.613982 -0.78932 0 
vn 0.616969 -0.786987 0 
vn 0.688204 -0.725517 0 
vn 0.525988 -0.850492 0 
vn 0.433942 -0.900941 0 
vn 0.339292 -0.940681 0 
vn 0.243143 -0.96999 0 
vn 0.146543 -0.989204 0 
vn 0.0504852 -0.998725 0 
vn 0 -1 0 
vn 0.688204 -0.725517 0 
vn 0 1 0 
vn -1 0 0 
vn 0 -1 0 
vn 1 0 0 
vn 0 0 1 
vn 0 1 0 
vn -1 0 0 
vn 0 -1 0 
vn 1 0 0 
vn 0 0 1 
vn 0.99541 -0.0957008 0 
vn 1 0 0 
vn 0.981642 -0.190734 0 
vn 0.958627 -0.284666 0 
vn 0.926467 -0.376377 0 
vn 0.948762 -0.315991 0 
vn 0.885397 -0.464835 0 
vn 0.835773 -0.549076 0 
vn 0.771069 -0.636752 0 
vn 0.705013 -0.709195 0 
vn 0.688204 -0.725517 0 
vn 0.99541 -0.0957008 0 
vn 0 0 1 
vn 0.774038 0.633139 0 
vn 0.700967 0.713193 0 
vn 0.834115 0.55159 0 
vn 0.884676 0.466206 0 
vn 0.925778 0.378069 0 
vn 0.957563 0.288224 0 
vn 0.948684 0.316226 0 
vn 0.980266 0.197683 0 
vn 0.994215 0.107413 0 
vn 1 0 0 
vn 0.834115 0.55159 0 
vn 0.700967 0.713193 0 
vn 0.0973191 0.995253 0 
vn 0 1 0 
vn 0.193963 0.981009 0 
vn 0.288945 0.957346 0 
vn 0.390064 0.920788 0 
vn 0.484735 0.874661 0 
vn 0.572109 0.820178 0 
vn 0.65178 0.758408 0 
vn 0.700967 0.713193 0 
vn 0 1 0 
vn -0.562104 0.827066 0 
vn -0.648461 0.761248 0 
vn -0.469121 0.883134 0 
vn -0.562104 0.827066 0 
vn -0.370607 0.92879 0 
vn -0.469121 0.883134 0 
vn -0.267724 0.963496 0 
vn -0.370607 0.92879 0 
vn -0.161685 0.986842 0 
vn -0.267724 0.963496 0 
vn -0.053739 0.998555 0 
vn -0.161685 0.986842 0 
vn -0.699495 0.714638 0 
vn 0.0153643 0.999882 0 
vn -0.053739 0.998555 0 
vn -0.995376 0.0960564 0 
vn -1 0 0 
vn -0.9815 0.191463 0 
vn -0.958339 0.285634 0 
vn -0.926014 0.377489 0 
vn -0.884775 0.466019 0 
vn -0.834983 0.550275 0 
vn -0.770927 0.636924 0 
vn -0.704776 0.70943 0 
vn -0.688855 0.724899 0 
vn -1 0 0 
vn -0.757822 -0.652461 0 
vn -0.682462 -0.730921 0 
vn -0.820349 -0.571864 0 
vn -0.873311 -0.487164 0 
vn -0.916759 -0.39944 0 
vn -0.950818 -0.30975 0 
vn -0.975699 -0.219114 0 
vn -0.991708 -0.128511 0 
vn -0.999244 -0.0388764 0 
vn -1 0 0 
vn -0.820349 -0.571864 0 
vn -0.682462 -0.730921 0 
vn -0.15814 -0.987417 0 
vn -0.0515072 -0.998673 0 
vn -0.262954 -0.964808 0 
vn -0.15814 -0.987417 0 
vn -0.364746 -0.931107 0 
vn -0.262954 -0.964808 0 
vn -0.462343 -0.886701 0 
vn -0.364746 -0.931107 0 
vn -0.554625 -0.8321 0 
vn -0.462343 -0.886701 0 
vn -0.640531 -0.767933 0 
vn -0.611691 -0.791097 0 
vn 0.0167361 -0.99986 0 
vn -0.691422 -0.722451 0 
vn 0.613982 -0.78932 0 
vn 0.616969 -0.786987 0 
vn 0.688204 -0.725517 0 
vn 0.525988 -0.850492 0 
vn 0.433942 -0.900941 0 
vn 0.339292 -0.940681 0 
vn 0.243143 -0.96999 0 
vn 0.146543 -0.989204 0 
vn 0.0504852 -0.998725 0 
vn 0 -1 0 
vn 0.688204 -0.725517 0 
vn 1 0 0 
vn 0 0 1 
vn 0 1 0 
vn -1 0 0 
vn -0.764585 -0.644523 0 
vn -0.690723 -0.723119 0 
vn -0.825326 -0.564656 0 
vn -0.8768 -0.480855 0 
vn -0.919021 -0.394209 0 
vn -0.952109 -0.305757 0 
vn -0.976281 -0.216507 0 
vn -0.991848 -0.127427 0 
vn -0.999222 -0.0394424 0 
vn -1 0 0 
vn -0.825326 -0.564656 0 
vn -0.690723 -0.723119 0 
vn -0.0961642 -0.995365 0 
vn 0 -1 0 
vn -0.191413 -0.98151 0 
vn -0.181027 -0.983478 0 
vn -0.28548 -0.958385 0 
vn -0.377268 -0.926104 0 
vn -0.465758 -0.884912 0 
vn -0.549996 -0.835168 0 
vn -0.637064 -0.770811 0 
vn -0.690723 -0.723119 0 
vn 0 -1 0 
vn 0.336467 -0.941695 0 
vn 0.436542 -0.899684 0 
vn 0.239222 -0.970965 0 
vn 0.14157 -0.989928 0 
vn 0.195762 -0.980651 0 
vn 0.0445053 -0.999009 0 
vn 0 -1 0 
vn 0.436542 -0.899684 0 
vn 0.788779 -0.614677 0 
vn 0.845171 -0.534496 0 
vn 0.72006 -0.693912 0 
vn 0.645067 -0.764126 0 
vn 0.565035 -0.825067 0 
vn 0.481067 -0.876684 0 
vn 0.436542 -0.899684 0 
vn 0.845171 -0.534496 0 
vn 0 -1 0 
vn -0.984337 -0.176299 0 
vn 1 0 0 
vn 0 1 0 
vn -1 0 0 
vn -0.822279 0.569085 0 
vn -0.757966 0.652294 0 
vn -0.872863 0.487965 0 
vn -0.914766 0.403984 0 
vn -0.947978 0.318337 0 
vn -0.972713 0.232012 0 
vn -0.989289 0.145973 0 
vn -0.998982 0.0451069 0 
vn -1 0 0 
vn -0.757966 0.652294 0 
vn -0.0960413 0.995377 0 
vn 0 1 0 
vn -0.191432 0.981506 0 
vn -0.285592 0.958351 0 
vn -0.377442 0.926033 0 
vn -0.465969 0.884801 0 
vn -0.550224 0.835017 0 
vn -0.636919 0.77093 0 
vn -0.714657 0.699475 0 
vn -0.757966 0.652294 0 
vn -0.377442 0.926033 0 
vn 0 1 0 
vn 0.657159 0.753752 0 
vn 0.735008 0.678058 0 
vn 0.577256 0.816563 0 
vn 0.493206 0.869912 0 
vn 0.40609 0.913833 0 
vn 0.316962 0.948438 0 
vn 0.226842 0.973932 0 
vn 0.136707 0.990611 0 
vn 0.0474954 0.998871 0 
vn 0 1 0 
vn 0.40609 0.913833 0 
vn 0.735008 0.678058 0 
vn 0.995419 0.0956113 0 
vn 1 0 0 
vn 0.981677 0.19055 0 
vn 0.958699 0.284421 0 
vn 0.926581 0.376096 0 
vn 0.885554 0.464536 0 
vn 0.835971 0.548773 0 
vn 0.778288 0.627907 0 
vn 0.735008 0.678058 0 
vn 0.958699 0.284421 0 
vn 1 0 0 
vn 0 1 0 
vn -1 0 0 
vn 0 -1 0 
vn 1 0 0 
vn 0 0 1 
vn 0.99541 -0.0957008 0 
vn 1 0 0 
vn 0.981642 -0.190734 0 
vn 0.958627 -0.284666 0 
vn 0.926467 -0.376377 0 
vn 0.885397 -0.464835 0 
vn 0.835773 -0.549076 0 
vn 0.771069 -0.636752 0 
vn 0.705013 -0.709195 0 
vn 0.688204 -0.725517 0 
vn 0.958627 -0.284666 0 
vn 1 0 0 
vn 0 0 1 
vn 0.774038 0.633139 0 
vn 0.700967 0.713193 0 
vn 0.834115 0.55159 0 
vn 0.884676 0.466206 0 
vn 0.925778 0.378069 0 
vn 0.957563 0.288224 0 
vn 0.980266 0.197683 0 
vn 0.994215 0.107413 0 
vn 1 0 0 
vn 0.925778 0.378069 0 
vn 0.700967 0.713193 0 
vn 0.0973191 0.995253 0 
vn 0 1 0 
vn 0.193963 0.981009 0 
vn 0.288945 0.957346 0 
vn 0.390064 0.920788 0 
vn 0.484735 0.874661 0 
vn 0.572109 0.820178 0 
vn 0.65178 0.758408 0 
vn 0.700967 0.713193 0 
vn 0.572109 0.820178 0 
vn 0 1 0 
vn -0.562104 0.827066 0 
vn -0.648461 0.761248 0 
vn -0.469121 0.883134 0 
vn -0.562104 0.827066 0 
vn -0.370607 0.92879 0 
vn -0.469121 0.883134 0 
vn -0.267724 0.963496 0 
vn -0.370607 0.92879 0 
vn -0.161685 0.986842 0 
vn -0.267724 0.963496 0 
vn -0.053739 0.998555 0 
vn -0.161685 0.986842 0 
vn -0.699495 0.714638 0 
vn 0.0153643 0.999882 0 
vn -0.053739 0.998555 0 
vn -0.995376 0.0960564 0 
vn -1 0 0 
vn -0.9815 0.191463 0 
vn -0.958339 0.285634 0 
vn -0.926014 0.377489 0 
vn -0.884775 0.466019 0 
vn -0.834983 0.550275 0 
vn -0.770927 0.636924 0 
vn -0.704776 0.70943 0 
vn -0.688855 0.724899 0 
vn -0.770927 0.636924 0 
vn -0.995376 0.0960564 0 
vn -0.757822 -0.652461 0 
vn -0.682462 -0.730921 0 
vn -0.820349 -0.571864 0 
vn -0.873311 -0.487164 0 
vn -0.916759 -0.39944 0 
vn -0.950818 -0.30975 0 
vn -0.975699 -0.219114 0 
vn -0.991708 -0.128511 0 
vn -0.999244 -0.0388764 0 
vn -1 0 0 
vn -0.873311 -0.487164 0 
vn -0.682462 -0.730921 0 
vn -0.15814 -0.987417 0 
vn -0.0515072 -0.998673 0 
vn -0.262954 -0.964808 0 
vn -0.15814 -0.987417 0 
vn -0.364746 -0.931107 0 
vn -0.262954 -0.964808 0 
vn -0.462343 -0.886701 0 
vn -0.364746 -0.931107 0 
vn -0.554625 -0.8321 0 
vn -0.462343 -0.886701 0 
vn -0.640531 -0.767933 0 
vn -0.611691 -0.791097 0 
vn 0.0167361 -0.99986 0 
vn -0.691422 -0.722451 0 
vn 0.613982 -0.78932 0 
vn 0.616969 -0.786987 0 
vn 0.688204 -0.725517 0 
vn 0.525988 -0.850492 0 
vn 0.433942 -0.900941 0 
vn 0.339292 -0.940681 0 
vn 0.243143 -0.96999 0 
vn 0.146543 -0.989204 0 
vn 0.0504852 -0.998725 0 
vn 0 -1 0 
vn 0.339292 -0.940681 0 
vn 0.688204 -0.725517 0 
vn -0.995274 0.0971047 0 
vn -1 0 0 
vn -0.981089 0.193556 0 
vn -0.957506 0.288412 0 
vn -0.924707 0.38068 0 
vn -0.878756 0.477272 0 
vn -0.824001 0.566588 0 
vn -0.761692 0.647939 0 
vn -0.692921 0.721013 0 
vn -0.618762 0.785579 0 
vn -0.589049 0.808098 0 
vn -1 0 0 
vn 0 0 1 
vn -0.788503 -0.615031 0 
vn -0.724597 -0.689173 0 
vn -0.849753 -0.527181 0 
vn -0.900299 -0.435272 0 
vn -0.940156 -0.340743 0 
vn -0.969599 -0.244699 0 
vn -0.988959 -0.148189 0 
vn -0.998636 -0.0522056 0 
vn -1 0 0 
vn -0.849753 -0.527181 0 
vn -0.724597 -0.689173 0 
vn -0.442489 -0.896774 0 
vn -0.342486 -0.939523 0 
vn -0.51748 -0.855695 0 
vn -0.593297 -0.804984 0 
vn -0.663184 -0.748456 0 
vn -0.724597 -0.689173 0 
vn -0.342486 -0.939523 0 
vn -0.406043 -0.913854 0 
vn -0.489199 -0.872172 0 
vn -0.357979 -0.93373 0 
vn -0.350199 -0.936676 0 
vn -0.406043 -0.913854 0 
vn -0.743178 -0.669093 0 
vn -0.807468 -0.589912 0 
vn -0.679909 -0.733296 0 
vn -0.612404 -0.790545 0 
vn -0.529056 -0.848587 0 
vn -0.489199 -0.872172 0 
vn -0.612404 -0.790545 0 
vn -0.807468 -0.589912 0 
vn -0.995268 -0.0971629 0 
vn -1 0 0 
vn -0.981067 -0.193668 0 
vn -0.957462 -0.288559 0 
vn -0.920437 -0.39089 0 
vn -0.873608 -0.48663 0 
vn -0.821606 -0.570056 0 
vn -0.807468 -0.589912 0 
vn -1 0 0 
vn -0.604591 0.796536 0 
vn -0.524477 0.851424 0 
vn -0.679203 0.733951 0 
vn -0.747563 0.664191 0 
vn -0.80891 0.587932 0 
vn -0.86176 0.507316 0 
vn -0.910411 0.413705 0 
vn -0.948253 0.317515 0 
vn -0.975485 0.220066 0 
vn -0.99248 0.122405 0 
vn -0.999674 0.0255218 0 
vn -1 0 0 
vn -0.747563 0.664191 0 
vn -0.524477 0.851424 0 
vn -0.0936052 0.995609 0 
vn 0 1 0 
vn -0.1864 0.982474 0 
vn -0.278951 0.960305 0 
vn -0.369852 0.929091 0 
vn -0.457917 0.888995 0 
vn -0.524477 0.851424 0 
vn 0 1 0 
vn 0.291091 0.956695 0 
vn 0.380659 0.924715 0 
vn 0.197898 0.980223 0 
vn 0.102228 0.994761 0 
vn 0 1 0 
vn 0.197898 0.980223 0 
vn 0.380659 0.924715 0 
vn -0.915858 0.401502 0 
vn -0.0715564 -0.997437 0 
vn -0.160313 -0.987066 0 
vn -0.149062 -0.988828 0 
vn -0.247789 -0.968814 0 
vn -0.333286 -0.942826 0 
vn -0.0715564 -0.997437 0 
vn -0.00254369 -0.999997 0 
vn -0.397564 -0.917574 0 
vn -0.333286 -0.942826 0 
vn 0.489827 -0.87182 0 
vn 0.579541 -0.814943 0 
vn 0.402642 -0.915358 0 
vn 0.313368 -0.949632 0 
vn 0.223139 -0.974787 0 
vn 0.132929 -0.991126 0 
vn 0.165867 -0.986148 0 
vn 0.0436713 -0.999046 0 
vn 0 -1 0 
vn 0.579541 -0.814943 0 
vn 0.995253 -0.0973188 0 
vn 1 0 0 
vn 0.981009 -0.193963 0 
vn 0.957346 -0.288945 0 
vn 0.920787 -0.390066 0 
vn 0.874659 -0.484739 0 
vn 0.820174 -0.572115 0 
vn 0.758402 -0.651787 0 
vn 0.690399 -0.723429 0 
vn 0.617214 -0.786796 0 
vn 0.579541 -0.814943 0 
vn 0.957346 -0.288945 0 
vn 1 0 0 
vn 0.912586 0.408884 0 
vn 0.863314 0.504667 0 
vn 0.948888 0.315613 0 
vn 0.975249 0.22111 0 
vn 0.991976 0.126425 0 
vn 0.999471 0.0325199 0 
vn 1 0 0 
vn 0.863314 0.504667 0 
vn 0.629001 0.777404 0 
vn 0.550871 0.83459 0 
vn 0.70143 0.712738 0 
vn 0.767482 0.641071 0 
vn 0.826391 0.563096 0 
vn 0.863314 0.504667 0 
vn 0.550871 0.83459 0 
vn 0.416171 0.909286 0 
vn 0.348974 0.937132 0 
vn 0.489343 0.872091 0 
vn 0.550871 0.83459 0 
vn 0.348974 0.937132 0 
vn 0.56109 0.827755 0 
vn 0.634454 0.772961 0 
vn 0.478186 0.878258 0 
vn 0.39402 0.919102 0 
vn 0.359227 0.93325 0 
vn 0.634454 0.772961 0 
vn 0.99522 0.0976612 0 
vn 1 0 0 
vn 0.978782 0.204902 0 
vn 0.951515 0.307602 0 
vn 0.914492 0.404603 0 
vn 0.868715 0.495313 0 
vn 0.815174 0.579216 0 
vn 0.754866 0.655879 0 
vn 0.688793 0.724958 0 
vn 0.634454 0.772961 0 
vn 0.978782 0.204902 0 
vn 1 0 0 
vn 0.591156 -0.806557 0 
vn 0.509856 -0.86026 0 
vn 0.667033 -0.745028 0 
vn 0.736677 -0.676244 0 
vn 0.805025 -0.593241 0 
vn 0.862947 -0.505295 0 
vn 0.908846 -0.417133 0 
vn 0.946252 -0.323431 0 
vn 0.973559 -0.228436 0 
vn 0.991094 -0.133165 0 
vn 0.999255 -0.0385936 0 
vn 1 0 0 
vn 0.862947 -0.505295 0 
vn 0.667033 -0.745028 0 
vn 0.509856 -0.86026 0 
vn 0.0945286 -0.995522 0 
vn 0 -1 0 
vn 0.187959 -0.982177 0 
vn 0.280891 -0.95974 0 
vn 0.372006 -0.92823 0 
vn 0.460164 -0.887834 0 
vn 0.509856 -0.86026 0 
vn 0.280891 -0.95974 0 
vn 0 -1 0 
vn -0.175981 -0.984394 0 
vn -0.0858182 -0.996311 0 
vn -0.252704 -0.967544 0 
vn -0.0073519 -0.999973 0 
vn -0.385171 -0.922845 0 
vn -0.309167 -0.951008 0 
vn -0.448793 -0.893636 0 
vn -0.241874 -0.970308 0 
vn 1 0 0 
vn 0.0927618 0.995688 0 
vn 0 1 0 
vn 0.186518 0.982452 0 
vn 0.13622 0.990679 0 
vn 0.279653 0.960101 0 
vn 0.370923 0.928664 0 
vn 0.458474 0.888708 0 
vn 0.493185 0.869924 0 
vn 0 1 0 
vn -0.50022 0.865898 0 
vn -0.589049 0.808098 0 
vn -0.413955 0.910297 0 
vn -0.325503 0.945541 0 
vn -0.236008 0.971751 0 
vn -0.146448 0.989218 0 
vn -0.160773 0.986991 0 
vn -0.0577588 0.998331 0 
vn 0 1 0 
vn -0.589049 0.808098 0 
vn 1 0 0 
vn 0 0 1 
vn 0 1 0 
vn -1 0 0 
vn -0.762649 -0.646812 0 
vn -0.688416 -0.725316 0 
vn -0.823819 -0.566853 0 
vn -0.875667 -0.482916 0 
vn -0.918213 -0.396088 0 
vn -0.951576 -0.307413 0 
vn -0.975971 -0.2179 0 
vn -0.991707 -0.128519 0 
vn -0.999192 -0.0401987 0 
vn -1 0 0 
vn -0.688416 -0.725316 0 
vn -0.0962535 -0.995357 0 
vn 0 -1 0 
vn -0.191414 -0.981509 0 
vn -0.149548 -0.988754 0 
vn -0.285422 -0.958402 0 
vn -0.377173 -0.926143 0 
vn -0.46564 -0.884974 0 
vn -0.549865 -0.835253 0 
vn -0.637154 -0.770737 0 
vn -0.688416 -0.725316 0 
vn 0 -1 0 
vn 0.349575 -0.936908 0 
vn 0.448476 -0.893795 0 
vn 0.253866 -0.967239 0 
vn 0.157573 -0.987507 0 
vn 0.172831 -0.984951 0 
vn 0.0617152 -0.998094 0 
vn 0 -1 0 
vn 0.448476 -0.893795 0 
vn 0.794447 -0.607333 0 
vn 0.850118 -0.526592 0 
vn 0.72703 -0.686606 0 
vn 0.653356 -0.757051 0 
vn 0.57461 -0.818427 0 
vn 0.49188 -0.870663 0 
vn 0.448476 -0.893795 0 
vn 0.850118 -0.526592 0 
vn 0 -1 0 
vn -0.99529 0.0969419 0 
vn -1 0 0 
vn -0.989949 0.141421 0 
vn 0 -1 0 
vn 1 0 0 
vn 0 1 0 
vn -1 0 0 
vn -0.827261 0.561818 0 
vn -0.763731 0.645535 0 
vn -0.877067 0.480367 0 
vn -0.918191 0.396138 0 
vn -0.950628 0.310331 0 
vn -0.974605 0.22393 0 
vn -0.990447 0.137897 0 
vn -0.999315 0.0369957 0 
vn -1 0 0 
vn -0.974605 0.22393 0 
vn -0.918191 0.396138 0 
vn -0.827261 0.561818 0 
vn -0.0960294 0.995379 0 
vn 0 1 0 
vn -0.191407 0.981511 0 
vn -0.28556 0.958361 0 
vn -0.377405 0.926048 0 
vn -0.465929 0.884822 0 
vn -0.550184 0.835043 0 
vn -0.636916 0.770934 0 
vn -0.714683 0.699448 0 
vn -0.763731 0.645535 0 
vn 0 1 0 
vn 0.657159 0.753752 0 
vn 0.735008 0.678058 0 
vn 0.577256 0.816563 0 
vn 0.493206 0.869912 0 
vn 0.40609 0.913833 0 
vn 0.316962 0.948438 0 
vn 0.226842 0.973932 0 
vn 0.136707 0.990611 0 
vn 0.0474954 0.998871 0 
vn 0 1 0 
vn 0.40609 0.913833 0 
vn 0.735008 0.678058 0 
vn 0.995419 0.0956113 0 
vn 1 0 0 
vn 0.981677 0.19055 0 
vn 0.958699 0.284421 0 
vn 0.926581 0.376096 0 
vn 0.885554 0.464536 0 
vn 0.835971 0.548773 0 
vn 0.778288 0.627907 0 
vn 0.735008 0.678058 0 
vn 0.926581 0.376096 0 
vn 1 0 0 
vn 0 0 1 
vn 0 1 0 
vn -1 0 0 
vn 0 -1 0 
vn 0 1 0 
vn 0 0 1 
vn -1 0 0 
vn 0 1 0 
vn 0 -1 0 
vn -1 0 0 
vn 0 1 0 
vn 0 -1 0 
vn 1 0 0 
vn 0 0 1 
vn -0.0970897 0.995276 0 
vn 0 1 0 
vn -0.193527 0.981095 0 
vn -0.288374 0.957518 0 
vn -0.380637 0.924724 0 
vn -0.477324 0.878728 0 
vn -0.566722 0.823909 0 
vn -0.648134 0.761526 0 
vn -0.721252 0.692673 0 
vn -0.738009 0.674791 0 
vn -0.380637 0.924724 0 
vn 0 1 0 
vn 0 0 1 
vn 0.700327 0.713822 0 
vn 0.766774 0.641917 0 
vn 0.620248 0.784406 0 
vn 0.534958 0.844878 0 
vn 0.445861 0.895102 0 
vn 0.35408 0.935215 0 
vn 0.260691 0.965422 0 
vn 0.166724 0.986004 0 
vn 0.0731592 0.99732 0 
vn 0 1 0 
vn 0.700327 0.713822 0 
vn 0.995397 0.0958351 0 
vn 1 0 0 
vn 0.981588 0.19101 0 
vn 0.958518 0.285032 0 
vn 0.926296 0.376797 0 
vn 0.885162 0.465282 0 
vn 0.835474 0.549529 0 
vn 0.777741 0.628585 0 
vn 0.766774 0.641917 0 
vn 1 0 0 
vn 0 -1 0 
vn -0.806313 0.59149 0 
vn -0.738009 0.674791 0 
vn -0.861409 0.507912 0 
vn -0.907042 0.421041 0 
vn -0.943291 0.331966 0 
vn -0.970347 0.241715 0 
vn -0.988492 0.151275 0 
vn -0.995737 0.0922367 0 
vn -0.738009 0.674791 0 
usemtl 0.615686_0.811765_0.929412_0.000000_0.000000
o mesh0
f 1//1 2//1 3//1 
f 3//1 4//1 1//1 
o mesh1
f 5//2 2//2 1//2 
f 1//2 6//2 5//2 
o mesh2
f 6//3 1//3 4//3 
f 4//3 7//3 6//3 
o mesh3
f 6//4 7//4 8//4 
f 8//4 5//4 6//4 
o mesh4
f 9//5 10//5 3//5 
f 9//5 11//5 10//5 
f 12//5 13//5 8//5 
f 9//5 14//5 11//5 
f 4//5 3//5 8//5 
f 3//5 10//5 12//5 
f 9//5 15//5 14//5 
f 8//5 3//5 12//5 
f 8//5 7//5 4//5 
f 3//5 16//5 9//5 
o mesh5
f 9//6 17//6 18//6 
f 9//6 19//6 20//6 
f 20//6 17//6 9//6 
f 9//6 21//6 19//6 
f 9//6 22//6 23//6 
f 23//6 21//6 9//6 
f 22//6 24//6 23//6 
f 22//6 25//6 24//6 
f 22//6 26//6 25//6 
f 22//6 27//6 26//6 
f 22//6 28//6 27//6 
f 22//6 29//6 28//6 
f 22//6 30//6 29//6 
f 18//6 15//6 9//6 
o mesh6
f 9//7 16//7 31//7 
f 31//7 22//7 9//7 
o mesh7
f 32//8 33//8 34//8 
f 32//8 35//8 33//8 
f 32//8 36//8 35//8 
f 32//8 37//8 36//8 
f 32//8 38//8 37//8 
f 32//8 39//8 38//8 
f 2//8 40//8 39//8 
f 39//8 32//8 2//8 
f 2//8 41//8 40//8 
f 2//8 42//8 41//8 
f 2//8 43//8 42//8 
f 2//8 5//8 44//8 
f 44//8 43//8 2//8 
f 16//8 3//8 2//8 
f 31//8 16//8 32//8 
f 2//8 32//8 16//8 
f 34//8 45//8 32//8 
f 46//8 47//8 45//8 
f 13//8 44//8 5//8 
f 45//8 34//8 46//8 
f 32//8 48//8 31//8 
f 5//8 8//8 13//8 
o mesh8
f 47//9 46//9 49//9 
f 22//9 31//9 48//9 
f 50//9 48//9 47//9 
f 51//9 47//9 48//9 
f 22//9 52//9 53//9 
f 48//9 50//9 22//9 
f 48//9 54//9 51//9 
f 50//9 52//9 22//9 
f 53//9 30//9 22//9 
f 49//9 50//9 47//9 
o mesh9
f 54//10 48//10 32//10 
f 32//10 55//10 54//10 
o mesh10
f 51//11 54//11 55//11 
f 55//11 56//11 51//11 
o mesh11
f 56//12 55//12 32//12 
f 32//12 45//12 56//12 
o mesh12
f 56//13 45//13 47//13 
f 47//13 51//13 56//13 
o mesh13
f 49//13 46//13 34//13 
f 763//13 34//13 33//13 
f 764//13 33//13 35//13 
f 765//13 35//13 36//13 
f 766//13 36//13 37//13 
f 767//13 37//13 38//13 
f 768//13 39//13 40//13 
f 769//13 40//13 41//13 
f 770//13 41//13 42//13 
f 771//13 42//13 43//13 
f 772//13 43//13 44//13 
f 50//13 49//13 763//13 
f 773//13 764//13 765//13 
f 774//13 57//13 58//13 
f 774//13 765//13 59//13 
f 59//13 57//13 774//13 
f 765//13 766//13 60//13 
f 60//13 59//13 765//13 
f 775//13 58//13 60//13 
f 60//13 766//13 775//13 
f 776//13 777//13 61//13 
f 777//13 767//13 62//13 
f 62//13 61//13 777//13 
f 778//13 63//13 62//13 
f 62//13 767//13 778//13 
f 776//13 64//13 63//13 
f 63//13 778//13 776//13 
f 779//13 770//13 771//13 
f 780//13 65//13 66//13 
f 780//13 771//13 67//13 
f 67//13 65//13 780//13 
f 771//13 772//13 68//13 
f 68//13 67//13 771//13 
f 781//13 66//13 68//13 
f 68//13 772//13 781//13 
f 52//13 50//13 782//13 
f 783//13 773//13 774//13 
f 784//13 774//13 775//13 
f 785//13 777//13 776//13 
f 786//13 779//13 780//13 
f 787//13 780//13 781//13 
f 53//13 52//13 788//13 
f 789//13 790//13 785//13 
f 791//13 792//13 793//13 
f 794//13 795//13 796//13 
f 797//13 796//13 11//13 
f 30//13 53//13 798//13 
f 29//13 798//13 799//13 
f 28//13 799//13 800//13 
f 26//13 789//13 801//13 
f 24//13 791//13 802//13 
f 21//13 803//13 804//13 
f 19//13 804//13 805//13 
f 17//13 794//13 797//13 
f 18//13 797//13 14//13 
f 44//13 69//13 70//13 
f 13//13 12//13 71//13 
f 70//13 72//13 44//13 
f 71//13 44//13 13//13 
f 44//13 73//13 74//13 
f 71//13 69//13 44//13 
f 72//13 73//13 44//13 
f 806//13 75//13 76//13 
f 806//13 77//13 75//13 
f 76//13 807//13 806//13 
f 807//13 78//13 79//13 
f 806//13 80//13 77//13 
f 79//13 81//13 807//13 
f 806//13 82//13 80//13 
f 81//13 83//13 807//13 
f 806//13 84//13 82//13 
f 76//13 78//13 807//13 
f 806//13 85//13 86//13 
f 807//13 87//13 88//13 
f 806//13 89//13 84//13 
f 86//13 90//13 806//13 
f 88//13 91//13 807//13 
f 90//13 89//13 806//13 
f 91//13 92//13 807//13 
f 83//13 93//13 807//13 
f 807//13 94//13 95//13 
f 93//13 87//13 807//13 
f 807//13 96//13 94//13 
f 806//13 97//13 85//13 
f 806//13 74//13 98//13 
f 807//13 99//13 96//13 
f 806//13 100//13 97//13 
f 98//13 101//13 806//13 
f 92//13 99//13 807//13 
f 101//13 102//13 806//13 
f 102//13 100//13 806//13 
f 796//13 103//13 104//13 
f 796//13 105//13 103//13 
f 796//13 106//13 105//13 
f 796//13 807//13 107//13 
f 107//13 106//13 796//13 
f 11//13 108//13 109//13 
f 104//13 11//13 796//13 
f 104//13 108//13 11//13 
f 12//13 110//13 111//13 
f 12//13 112//13 110//13 
f 12//13 113//13 112//13 
f 114//13 115//13 116//13 
f 12//13 117//13 113//13 
f 12//13 118//13 119//13 
f 116//13 120//13 114//13 
f 121//13 122//13 123//13 
f 12//13 124//13 117//13 
f 119//13 125//13 12//13 
f 12//13 126//13 127//13 
f 114//13 128//13 115//13 
f 121//13 129//13 122//13 
f 12//13 130//13 124//13 
f 127//13 118//13 12//13 
f 131//13 114//13 132//13 
f 120//13 133//13 114//13 
f 121//13 134//13 129//13 
f 125//13 130//13 12//13 
f 10//13 135//13 126//13 
f 10//13 109//13 136//13 
f 114//13 137//13 132//13 
f 133//13 138//13 114//13 
f 121//13 139//13 134//13 
f 126//13 12//13 10//13 
f 136//13 140//13 10//13 
f 132//13 141//13 131//13 
f 138//13 142//13 114//13 
f 121//13 114//13 139//13 
f 12//13 143//13 144//13 
f 12//13 131//13 145//13 
f 140//13 135//13 10//13 
f 141//13 146//13 131//13 
f 142//13 147//13 114//13 
f 123//13 148//13 121//13 
f 144//13 149//13 12//13 
f 111//13 131//13 12//13 
f 114//13 150//13 137//13 
f 121//13 128//13 114//13 
f 145//13 143//13 12//13 
f 147//13 150//13 114//13 
f 146//13 145//13 131//13 
f 795//13 151//13 152//13 
f 152//13 796//13 795//13 
f 796//13 153//13 154//13 
f 795//13 155//13 151//13 
f 152//13 153//13 796//13 
f 795//13 781//13 156//13 
f 156//13 155//13 795//13 
f 157//13 158//13 159//13 
f 157//13 160//13 158//13 
f 161//13 162//13 163//13 
f 164//13 165//13 166//13 
f 157//13 167//13 160//13 
f 163//13 168//13 161//13 
f 169//13 170//13 171//13 
f 166//13 172//13 164//13 
f 157//13 173//13 167//13 
f 168//13 174//13 161//13 
f 161//13 175//13 176//13 
f 171//13 177//13 169//13 
f 164//13 178//13 179//13 
f 172//13 180//13 164//13 
f 157//13 181//13 173//13 
f 174//13 182//13 161//13 
f 161//13 183//13 175//13 
f 806//13 807//13 184//13 
f 169//13 185//13 170//13 
f 169//13 186//13 187//13 
f 180//13 178//13 164//13 
f 157//13 188//13 181//13 
f 182//13 189//13 161//13 
f 161//13 190//13 183//13 
f 807//13 191//13 184//13 
f 169//13 192//13 185//13 
f 187//13 193//13 169//13 
f 157//13 194//13 164//13 
f 157//13 195//13 188//13 
f 189//13 196//13 161//13 
f 161//13 197//13 190//13 
f 807//13 198//13 191//13 
f 169//13 199//13 200//13 
f 193//13 192//13 169//13 
f 159//13 194//13 157//13 
f 196//13 201//13 161//13 
f 161//13 202//13 197//13 
f 807//13 203//13 198//13 
f 177//13 199//13 169//13 
f 781//13 204//13 169//13 
f 179//13 157//13 164//13 
f 161//13 205//13 162//13 
f 161//13 206//13 202//13 
f 807//13 207//13 203//13 
f 807//13 154//13 208//13 
f 169//13 156//13 781//13 
f 772//13 209//13 204//13 
f 161//13 210//13 195//13 
f 176//13 205//13 161//13 
f 807//13 211//13 207//13 
f 208//13 212//13 807//13 
f 204//13 781//13 772//13 
f 772//13 213//13 214//13 
f 213//13 206//13 161//13 
f 201//13 210//13 161//13 
f 807//13 215//13 211//13 
f 807//13 216//13 217//13 
f 212//13 218//13 807//13 
f 214//13 209//13 772//13 
f 157//13 161//13 195//13 
f 807//13 219//13 215//13 
f 807//13 220//13 216//13 
f 218//13 221//13 807//13 
f 161//13 214//13 213//13 
f 806//13 222//13 213//13 
f 807//13 223//13 219//13 
f 221//13 220//13 807//13 
f 213//13 772//13 806//13 
f 217//13 223//13 807//13 
f 184//13 222//13 806//13 
f 804//13 224//13 225//13 
f 225//13 226//13 804//13 
f 786//13 227//13 228//13 
f 804//13 229//13 230//13 
f 804//13 228//13 224//13 
f 786//13 231//13 227//13 
f 786//13 787//13 232//13 
f 226//13 229//13 804//13 
f 232//13 231//13 786//13 
f 228//13 804//13 786//13 
f 805//13 230//13 233//13 
f 805//13 234//13 235//13 
f 233//13 236//13 805//13 
f 805//13 237//13 234//13 
f 236//13 238//13 805//13 
f 238//13 237//13 805//13 
f 20//13 239//13 240//13 
f 20//13 241//13 242//13 
f 20//13 243//13 239//13 
f 240//13 241//13 20//13 
f 20//13 244//13 243//13 
f 20//13 245//13 244//13 
f 20//13 246//13 245//13 
f 20//13 805//13 247//13 
f 17//13 248//13 249//13 
f 20//13 250//13 246//13 
f 247//13 251//13 20//13 
f 17//13 252//13 248//13 
f 17//13 253//13 254//13 
f 251//13 250//13 20//13 
f 254//13 252//13 17//13 
f 242//13 17//13 20//13 
f 242//13 253//13 17//13 
f 794//13 255//13 256//13 
f 256//13 257//13 794//13 
f 794//13 258//13 255//13 
f 794//13 259//13 258//13 
f 795//13 794//13 260//13 
f 794//13 261//13 259//13 
f 257//13 260//13 794//13 
f 260//13 262//13 795//13 
f 794//13 263//13 261//13 
f 262//13 264//13 795//13 
f 264//13 265//13 795//13 
f 265//13 266//13 795//13 
f 787//13 267//13 268//13 
f 787//13 269//13 270//13 
f 795//13 271//13 272//13 
f 794//13 273//13 263//13 
f 787//13 274//13 275//13 
f 268//13 276//13 787//13 
f 787//13 277//13 269//13 
f 795//13 278//13 271//13 
f 794//13 279//13 273//13 
f 787//13 280//13 274//13 
f 787//13 281//13 267//13 
f 270//13 282//13 787//13 
f 272//13 283//13 795//13 
f 266//13 284//13 795//13 
f 794//13 285//13 286//13 
f 787//13 287//13 280//13 
f 787//13 288//13 281//13 
f 282//13 289//13 787//13 
f 284//13 278//13 795//13 
f 794//13 249//13 285//13 
f 276//13 287//13 787//13 
f 289//13 290//13 787//13 
f 286//13 279//13 794//13 
f 290//13 288//13 787//13 
f 795//13 291//13 277//13 
f 795//13 292//13 293//13 
f 283//13 294//13 795//13 
f 277//13 787//13 795//13 
f 294//13 292//13 795//13 
f 293//13 291//13 795//13 
f 799//13 295//13 296//13 
f 296//13 297//13 799//13 
f 783//13 298//13 299//13 
f 799//13 300//13 301//13 
f 799//13 299//13 295//13 
f 783//13 302//13 298//13 
f 783//13 784//13 303//13 
f 297//13 300//13 799//13 
f 303//13 302//13 783//13 
f 299//13 799//13 783//13 
f 800//13 301//13 304//13 
f 800//13 305//13 306//13 
f 304//13 307//13 800//13 
f 800//13 308//13 305//13 
f 307//13 309//13 800//13 
f 309//13 308//13 800//13 
f 27//13 310//13 311//13 
f 27//13 312//13 313//13 
f 27//13 314//13 310//13 
f 311//13 312//13 27//13 
f 27//13 315//13 314//13 
f 27//13 316//13 315//13 
f 27//13 317//13 316//13 
f 27//13 800//13 318//13 
f 26//13 319//13 320//13 
f 27//13 321//13 317//13 
f 318//13 322//13 27//13 
f 26//13 323//13 324//13 
f 26//13 325//13 319//13 
f 322//13 321//13 27//13 
f 320//13 323//13 26//13 
f 313//13 26//13 27//13 
f 313//13 325//13 26//13 
f 789//13 326//13 327//13 
f 327//13 328//13 789//13 
f 789//13 329//13 326//13 
f 789//13 330//13 329//13 
f 790//13 789//13 331//13 
f 789//13 332//13 330//13 
f 328//13 331//13 789//13 
f 331//13 333//13 790//13 
f 789//13 334//13 332//13 
f 333//13 335//13 790//13 
f 784//13 336//13 337//13 
f 784//13 338//13 339//13 
f 335//13 340//13 790//13 
f 784//13 341//13 342//13 
f 337//13 343//13 784//13 
f 784//13 344//13 338//13 
f 340//13 345//13 790//13 
f 784//13 346//13 341//13 
f 784//13 347//13 336//13 
f 339//13 348//13 784//13 
f 790//13 349//13 350//13 
f 789//13 351//13 334//13 
f 784//13 352//13 346//13 
f 784//13 353//13 347//13 
f 348//13 354//13 784//13 
f 790//13 355//13 349//13 
f 789//13 356//13 351//13 
f 343//13 352//13 784//13 
f 354//13 357//13 784//13 
f 350//13 358//13 790//13 
f 345//13 359//13 790//13 
f 789//13 360//13 361//13 
f 357//13 353//13 784//13 
f 790//13 362//13 344//13 
f 359//13 355//13 790//13 
f 789//13 324//13 360//13 
f 344//13 784//13 790//13 
f 790//13 363//13 364//13 
f 361//13 356//13 789//13 
f 364//13 362//13 790//13 
f 358//13 365//13 790//13 
f 365//13 363//13 790//13 
f 790//13 366//13 367//13 
f 367//13 785//13 790//13 
f 785//13 368//13 369//13 
f 790//13 370//13 366//13 
f 367//13 368//13 785//13 
f 790//13 775//13 371//13 
f 371//13 370//13 790//13 
f 372//13 373//13 374//13 
f 372//13 375//13 373//13 
f 376//13 377//13 378//13 
f 379//13 380//13 381//13 
f 372//13 382//13 375//13 
f 378//13 383//13 376//13 
f 384//13 385//13 386//13 
f 381//13 387//13 379//13 
f 372//13 388//13 382//13 
f 383//13 389//13 376//13 
f 376//13 390//13 391//13 
f 386//13 392//13 384//13 
f 379//13 393//13 394//13 
f 387//13 395//13 379//13 
f 372//13 396//13 388//13 
f 389//13 397//13 376//13 
f 376//13 398//13 390//13 
f 767//13 777//13 399//13 
f 384//13 400//13 385//13 
f 384//13 401//13 402//13 
f 395//13 393//13 379//13 
f 372//13 403//13 396//13 
f 397//13 404//13 376//13 
f 376//13 405//13 398//13 
f 777//13 406//13 399//13 
f 384//13 407//13 400//13 
f 402//13 408//13 384//13 
f 372//13 409//13 379//13 
f 372//13 410//13 403//13 
f 404//13 411//13 376//13 
f 376//13 412//13 405//13 
f 777//13 413//13 406//13 
f 384//13 414//13 415//13 
f 408//13 407//13 384//13 
f 374//13 409//13 372//13 
f 411//13 416//13 376//13 
f 376//13 417//13 412//13 
f 777//13 418//13 413//13 
f 392//13 414//13 384//13 
f 775//13 419//13 384//13 
f 394//13 372//13 379//13 
f 376//13 420//13 377//13 
f 376//13 421//13 417//13 
f 777//13 422//13 418//13 
f 777//13 369//13 423//13 
f 384//13 371//13 775//13 
f 766//13 424//13 419//13 
f 376//13 425//13 410//13 
f 391//13 420//13 376//13 
f 777//13 426//13 422//13 
f 423//13 427//13 777//13 
f 419//13 775//13 766//13 
f 766//13 428//13 429//13 
f 428//13 421//13 376//13 
f 416//13 425//13 376//13 
f 777//13 430//13 426//13 
f 777//13 431//13 432//13 
f 427//13 433//13 777//13 
f 429//13 424//13 766//13 
f 372//13 376//13 410//13 
f 777//13 434//13 430//13 
f 777//13 435//13 431//13 
f 433//13 436//13 777//13 
f 376//13 429//13 428//13 
f 767//13 437//13 428//13 
f 777//13 438//13 434//13 
f 436//13 435//13 777//13 
f 428//13 766//13 767//13 
f 432//13 438//13 777//13 
f 399//13 437//13 767//13 
f 25//13 439//13 440//13 
f 440//13 24//13 25//13 
f 25//13 441//13 439//13 
f 440//13 442//13 24//13 
f 25//13 443//13 441//13 
f 25//13 444//13 443//13 
f 24//13 445//13 446//13 
f 24//13 447//13 448//13 
f 25//13 449//13 444//13 
f 25//13 801//13 450//13 
f 24//13 451//13 445//13 
f 24//13 452//13 447//13 
f 25//13 453//13 449//13 
f 450//13 454//13 25//13 
f 448//13 451//13 24//13 
f 454//13 453//13 25//13 
f 442//13 452//13 24//13 
f 791//13 455//13 456//13 
f 456//13 457//13 791//13 
f 791//13 458//13 455//13 
f 791//13 459//13 458//13 
f 792//13 791//13 460//13 
f 791//13 461//13 459//13 
f 801//13 462//13 463//13 
f 785//13 464//13 465//13 
f 457//13 460//13 791//13 
f 463//13 466//13 801//13 
f 785//13 467//13 464//13 
f 460//13 468//13 792//13 
f 801//13 465//13 462//13 
f 785//13 469//13 467//13 
f 791//13 470//13 461//13 
f 466//13 471//13 801//13 
f 785//13 472//13 469//13 
f 468//13 473//13 792//13 
f 471//13 474//13 801//13 
f 785//13 475//13 472//13 
f 785//13 792//13 476//13 
f 473//13 477//13 792//13 
f 474//13 478//13 801//13 
f 785//13 479//13 475//13 
f 785//13 480//13 481//13 
f 792//13 482//13 476//13 
f 477//13 483//13 792//13 
f 801//13 484//13 485//13 
f 465//13 801//13 785//13 
f 481//13 486//13 785//13 
f 792//13 487//13 482//13 
f 792//13 488//13 489//13 
f 791//13 490//13 470//13 
f 801//13 491//13 484//13 
f 478//13 492//13 801//13 
f 785//13 493//13 480//13 
f 476//13 494//13 785//13 
f 792//13 495//13 488//13 
f 791//13 496//13 490//13 
f 492//13 491//13 801//13 
f 785//13 497//13 493//13 
f 494//13 498//13 785//13 
f 489//13 499//13 792//13 
f 483//13 500//13 792//13 
f 791//13 501//13 502//13 
f 486//13 479//13 785//13 
f 498//13 503//13 785//13 
f 500//13 495//13 792//13 
f 791//13 446//13 501//13 
f 503//13 497//13 785//13 
f 792//13 504//13 505//13 
f 792//13 506//13 507//13 
f 502//13 496//13 791//13 
f 505//13 487//13 792//13 
f 499//13 506//13 792//13 
f 507//13 504//13 792//13 
f 39//13 508//13 509//13 
f 509//13 38//13 39//13 
f 39//13 510//13 508//13 
f 39//13 768//13 511//13 
f 38//13 512//13 513//13 
f 511//13 510//13 39//13 
f 509//13 512//13 38//13 
f 514//13 515//13 516//13 
f 517//13 518//13 519//13 
f 516//13 520//13 514//13 
f 519//13 521//13 517//13 
f 514//13 522//13 515//13 
f 517//13 523//13 518//13 
f 524//13 525//13 526//13 
f 520//13 527//13 514//13 
f 523//13 528//13 518//13 
f 524//13 529//13 525//13 
f 514//13 530//13 531//13 
f 527//13 532//13 514//13 
f 528//13 533//13 518//13 
f 524//13 534//13 529//13 
f 514//13 535//13 530//13 
f 532//13 536//13 514//13 
f 537//13 538//13 518//13 
f 524//13 539//13 534//13 
f 514//13 540//13 535//13 
f 536//13 541//13 514//13 
f 537//13 542//13 538//13 
f 524//13 514//13 539//13 
f 541//13 540//13 514//13 
f 533//13 537//13 518//13 
f 526//13 543//13 524//13 
f 544//13 545//13 514//13 
f 514//13 524//13 522//13 
f 543//13 542//13 524//13 
f 546//13 547//13 548//13 
f 544//13 548//13 545//13 
f 537//13 524//13 542//13 
f 776//13 549//13 550//13 
f 546//13 551//13 547//13 
f 531//13 552//13 514//13 
f 550//13 553//13 776//13 
f 776//13 554//13 555//13 
f 554//13 551//13 546//13 
f 514//13 552//13 544//13 
f 776//13 556//13 557//13 
f 555//13 549//13 776//13 
f 548//13 544//13 546//13 
f 776//13 558//13 559//13 
f 557//13 560//13 776//13 
f 554//13 561//13 555//13 
f 546//13 562//13 554//13 
f 776//13 563//13 558//13 
f 776//13 564//13 556//13 
f 553//13 565//13 776//13 
f 562//13 566//13 554//13 
f 776//13 567//13 563//13 
f 776//13 568//13 564//13 
f 565//13 569//13 776//13 
f 554//13 570//13 571//13 
f 566//13 572//13 554//13 
f 560//13 567//13 776//13 
f 554//13 573//13 561//13 
f 571//13 574//13 554//13 
f 572//13 575//13 554//13 
f 778//13 513//13 576//13 
f 776//13 577//13 568//13 
f 569//13 578//13 776//13 
f 575//13 570//13 554//13 
f 778//13 579//13 580//13 
f 576//13 581//13 778//13 
f 776//13 582//13 577//13 
f 574//13 573//13 554//13 
f 778//13 583//13 554//13 
f 581//13 579//13 778//13 
f 578//13 582//13 776//13 
f 580//13 583//13 778//13 
f 554//13 776//13 778//13 
f 792//13 584//13 585//13 
f 585//13 793//13 792//13 
f 793//13 586//13 587//13 
f 792//13 588//13 584//13 
f 585//13 586//13 793//13 
f 792//13 776//13 589//13 
f 589//13 588//13 792//13 
f 590//13 591//13 592//13 
f 592//13 593//13 590//13 
f 768//13 594//13 595//13 
f 590//13 596//13 597//13 
f 590//13 598//13 599//13 
f 590//13 600//13 601//13 
f 590//13 602//13 591//13 
f 590//13 603//13 604//13 
f 605//13 606//13 607//13 
f 605//13 590//13 608//13 
f 768//13 609//13 594//13 
f 590//13 610//13 611//13 
f 599//13 596//13 590//13 
f 590//13 612//13 600//13 
f 593//13 613//13 590//13 
f 590//13 614//13 603//13 
f 605//13 615//13 606//13 
f 608//13 616//13 605//13 
f 595//13 617//13 768//13 
f 597//13 610//13 590//13 
f 601//13 618//13 590//13 
f 613//13 619//13 590//13 
f 590//13 620//13 614//13 
f 616//13 615//13 605//13 
f 768//13 621//13 609//13 
f 611//13 622//13 590//13 
f 590//13 623//13 612//13 
f 604//13 602//13 590//13 
f 607//13 624//13 605//13 
f 768//13 625//13 626//13 
f 768//13 627//13 628//13 
f 617//13 629//13 768//13 
f 590//13 630//13 598//13 
f 590//13 631//13 623//13 
f 605//13 620//13 590//13 
f 768//13 632//13 625//13 
f 628//13 633//13 768//13 
f 629//13 634//13 768//13 
f 635//13 636//13 621//13 
f 618//13 630//13 590//13 
f 619//13 637//13 590//13 
f 768//13 638//13 632//13 
f 768//13 639//13 627//13 
f 621//13 768//13 635//13 
f 635//13 640//13 641//13 
f 635//13 642//13 643//13 
f 590//13 644//13 645//13 
f 637//13 631//13 590//13 
f 633//13 638//13 768//13 
f 635//13 646//13 636//13 
f 643//13 640//13 635//13 
f 642//13 635//13 647//13 
f 622//13 644//13 590//13 
f 768//13 648//13 639//13 
f 634//13 649//13 768//13 
f 641//13 650//13 635//13 
f 645//13 647//13 590//13 
f 768//13 651//13 648//13 
f 635//13 652//13 646//13 
f 647//13 645//13 642//13 
f 649//13 651//13 768//13 
f 650//13 653//13 635//13 
f 653//13 652//13 635//13 
f 808//13 654//13 635//13 
f 808//13 655//13 656//13 
f 808//13 587//13 657//13 
f 635//13 768//13 808//13 
f 657//13 655//13 808//13 
f 656//13 654//13 808//13 
f 793//13 808//13 658//13 
f 802//13 793//13 659//13 
f 803//13 21//13 660//13 
f 23//13 661//13 660//13 
f 660//13 21//13 23//13 
f 802//13 662//13 661//13 
f 661//13 23//13 802//13 
f 663//13 664//13 809//13 
f 665//13 666//13 667//13 
f 667//13 668//13 665//13 
f 666//13 665//13 669//13 
f 669//13 670//13 666//13 
f 669//13 671//13 672//13 
f 671//13 673//13 674//13 
f 669//13 675//13 670//13 
f 674//13 672//13 671//13 
f 665//13 676//13 677//13 
f 672//13 675//13 669//13 
f 668//13 676//13 665//13 
f 664//13 678//13 679//13 
f 664//13 680//13 678//13 
f 809//13 679//13 681//13 
f 664//13 682//13 680//13 
f 679//13 809//13 664//13 
f 664//13 665//13 683//13 
f 683//13 682//13 664//13 
f 684//13 685//13 686//13 
f 687//13 688//13 689//13 
f 690//13 691//13 692//13 
f 684//13 693//13 685//13 
f 689//13 694//13 687//13 
f 692//13 695//13 690//13 
f 684//13 696//13 693//13 
f 694//13 697//13 687//13 
f 687//13 698//13 699//13 
f 695//13 700//13 690//13 
f 684//13 701//13 696//13 
f 697//13 702//13 687//13 
f 687//13 703//13 698//13 
f 700//13 704//13 690//13 
f 684//13 705//13 701//13 
f 702//13 706//13 687//13 
f 687//13 707//13 703//13 
f 769//13 810//13 708//13 
f 690//13 684//13 691//13 
f 684//13 690//13 705//13 
f 706//13 709//13 687//13 
f 687//13 710//13 707//13 
f 810//13 711//13 708//13 
f 690//13 712//13 713//13 
f 686//13 714//13 684//13 
f 709//13 715//13 687//13 
f 687//13 716//13 710//13 
f 810//13 717//13 711//13 
f 704//13 712//13 690//13 
f 687//13 718//13 688//13 
f 687//13 719//13 716//13 
f 810//13 720//13 717//13 
f 687//13 721//13 690//13 
f 699//13 718//13 687//13 
f 810//13 722//13 720//13 
f 810//13 681//13 723//13 
f 715//13 721//13 687//13 
f 810//13 724//13 722//13 
f 723//13 725//13 810//13 
f 808//13 768//13 726//13 
f 768//13 727//13 728//13 
f 727//13 719//13 729//13 
f 713//13 687//13 690//13 
f 810//13 730//13 724//13 
f 810//13 731//13 732//13 
f 725//13 733//13 810//13 
f 728//13 726//13 768//13 
f 687//13 729//13 719//13 
f 810//13 734//13 730//13 
f 810//13 735//13 731//13 
f 733//13 736//13 810//13 
f 729//13 728//13 727//13 
f 769//13 737//13 727//13 
f 810//13 738//13 734//13 
f 736//13 735//13 810//13 
f 727//13 768//13 769//13 
f 732//13 738//13 810//13 
f 708//13 737//13 769//13 
f 809//13 810//13 739//13 
f 786//13 804//13 740//13 
f 803//13 741//13 740//13 
f 740//13 804//13 803//13 
f 809//13 742//13 741//13 
f 741//13 803//13 809//13 
f 743//13 744//13 779//13 
f 810//13 769//13 745//13 
f 770//13 746//13 745//13 
f 770//13 779//13 747//13 
f 744//13 748//13 747//13 
f 745//13 769//13 770//13 
f 747//13 779//13 744//13 
f 747//13 746//13 770//13 
f 788//13 782//13 749//13 
f 750//13 783//13 751//13 
f 799//13 752//13 751//13 
f 751//13 783//13 799//13 
f 799//13 798//13 753//13 
f 753//13 752//13 799//13 
f 788//13 754//13 753//13 
f 753//13 798//13 788//13 
f 750//13 755//13 773//13 
f 764//13 756//13 757//13 
f 756//13 764//13 758//13 
f 773//13 759//13 758//13 
f 757//13 763//13 764//13 
f 758//13 764//13 773//13 
f 755//13 760//13 759//13 
f 757//13 782//13 763//13 
f 759//13 773//13 755//13 
f 758//13 761//13 756//13 
f 757//13 749//13 782//13 
f 773//13 783//13 750//13 
f 751//13 762//13 750//13 
f 749//13 754//13 788//13 
f 745//13 739//13 810//13 
f 779//13 786//13 743//13 
f 740//13 743//13 786//13 
f 739//13 742//13 809//13 
f 726//13 658//13 808//13 
f 681//13 810//13 809//13 
f 677//13 683//13 665//13 
f 809//13 803//13 663//13 
f 660//13 663//13 803//13 
f 659//13 662//13 802//13 
f 658//13 659//13 793//13 
f 626//13 511//13 768//13 
f 587//13 808//13 793//13 
f 559//13 589//13 776//13 
f 513//13 778//13 38//13 
f 485//13 450//13 801//13 
f 446//13 791//13 24//13 
f 415//13 371//13 384//13 
f 369//13 777//13 785//13 
f 342//13 303//13 784//13 
f 324//13 789//13 26//13 
f 306//13 318//13 800//13 
f 301//13 800//13 799//13 
f 275//13 232//13 787//13 
f 249//13 794//13 17//13 
f 235//13 247//13 805//13 
f 230//13 805//13 804//13 
f 200//13 156//13 169//13 
f 154//13 807//13 796//13 
f 149//13 71//13 12//13 
f 109//13 10//13 11//13 
f 95//13 107//13 807//13 
f 74//13 806//13 44//13 
f 14//13 15//13 18//13 
f 797//13 18//13 17//13 
f 805//13 20//13 19//13 
f 804//13 19//13 21//13 
f 802//13 23//13 24//13 
f 801//13 25//13 26//13 
f 800//13 27//13 28//13 
f 799//13 28//13 29//13 
f 798//13 29//13 30//13 
f 11//13 14//13 797//13 
f 796//13 797//13 794//13 
f 793//13 802//13 791//13 
f 785//13 801//13 789//13 
f 788//13 798//13 53//13 
f 781//13 795//13 787//13 
f 780//13 787//13 786//13 
f 776//13 792//13 785//13 
f 775//13 790//13 784//13 
f 774//13 784//13 783//13 
f 782//13 788//13 52//13 
f 66//13 781//13 780//13 
f 771//13 780//13 779//13 
f 61//13 64//13 776//13 
f 58//13 775//13 774//13 
f 765//13 774//13 773//13 
f 763//13 782//13 50//13 
f 44//13 806//13 772//13 
f 43//13 772//13 771//13 
f 42//13 771//13 770//13 
f 41//13 770//13 769//13 
f 40//13 769//13 768//13 
f 38//13 778//13 767//13 
f 37//13 767//13 766//13 
f 36//13 766//13 765//13 
f 35//13 765//13 764//13 
f 33//13 764//13 763//13 
f 34//13 763//13 49//13 
o mesh14
f 811//14 73//14 72//15 
f 811//14 812//16 74//17 
f 812//16 98//16 74//17 
f 813//18 101//18 98//16 
f 102//19 101//18 813//18 
f 814//20 100//20 102//19 
f 815//21 97//21 100//20 
f 85//22 97//21 815//21 
f 816//23 86//23 85//22 
f 85//22 817//22 816//23 
f 815//21 817//22 85//22 
f 100//20 814//20 815//21 
f 102//19 818//24 814//20 
f 813//18 818//24 102//19 
f 98//16 812//16 813//18 
f 74//17 73//14 811//14 
f 72//15 819//25 811//14 
o mesh15
f 820//26 821//27 71//28 
f 821//27 69//27 71//28 
f 70//29 69//27 821//27 
f 819//30 72//30 70//29 
f 70//29 822//29 819//30 
f 821//27 822//29 70//29 
f 71//28 149//31 820//26 
o mesh16
f 144//32 143//33 823//33 
f 149//34 144//32 824//35 
f 824//35 820//34 149//34 
f 823//33 824//35 144//32 
o mesh17
f 823//36 143//36 145//36 
f 145//36 825//36 823//36 
o mesh18
f 826//37 132//37 137//38 
f 827//39 141//39 132//37 
f 828//40 146//40 141//39 
f 825//41 145//41 146//40 
f 146//40 828//40 825//41 
f 141//39 827//39 828//40 
f 132//37 826//37 827//39 
f 137//38 829//42 826//37 
o mesh19
f 830//43 115//43 128//44 
f 116//45 115//43 830//43 
f 831//46 120//46 116//45 
f 832//47 133//47 120//46 
f 833//48 138//48 133//47 
f 834//49 142//49 138//48 
f 835//50 147//50 142//49 
f 836//51 150//51 147//50 
f 829//52 137//52 150//51 
f 150//51 836//51 829//52 
f 147//50 835//50 836//51 
f 142//49 834//49 835//50 
f 138//48 833//48 834//49 
f 133//47 832//47 833//48 
f 120//46 831//46 832//47 
f 116//45 837//53 831//46 
f 830//43 837//53 116//45 
f 128//44 838//54 830//43 
o mesh20
f 839//55 139//55 114//56 
f 840//57 134//57 139//55 
f 841//58 129//58 134//57 
f 842//59 122//59 129//58 
f 843//60 123//60 122//59 
f 844//61 148//61 123//60 
f 845//62 121//62 148//61 
f 838//63 128//63 121//62 
f 121//62 845//62 838//63 
f 148//61 844//61 845//62 
f 123//60 843//60 844//61 
f 122//59 842//59 843//60 
f 129//58 841//58 842//59 
f 134//57 840//57 841//58 
f 139//55 839//55 840//57 
f 114//56 846//64 839//55 
o mesh21
f 846//65 114//65 131//65 
f 131//65 847//65 846//65 
o mesh22
f 847//66 131//66 111//66 
f 111//66 848//66 847//66 
o mesh23
f 849//67 125//67 119//68 
f 850//69 130//69 125//67 
f 124//70 130//69 850//69 
f 851//71 117//71 124//70 
f 852//72 113//72 117//71 
f 853//73 112//73 113//72 
f 854//74 110//74 112//73 
f 848//75 111//75 110//74 
f 110//74 854//74 848//75 
f 112//73 853//73 854//74 
f 113//72 852//72 853//73 
f 117//71 851//71 852//72 
f 124//70 855//76 851//71 
f 850//69 855//76 124//70 
f 125//67 849//67 850//69 
f 119//68 856//77 849//67 
o mesh24
f 857//78 104//78 103//79 
f 858//80 108//80 104//78 
f 859//81 136//81 109//82 
f 109//82 858//80 859//81 
f 860//83 140//83 136//81 
f 135//84 140//83 860//83 
f 861//85 126//85 135//84 
f 862//86 127//86 126//85 
f 863//87 118//87 127//86 
f 856//88 119//88 118//87 
f 118//87 863//87 856//88 
f 127//86 862//86 863//87 
f 126//85 861//85 862//86 
f 135//84 864//89 861//85 
f 860//83 864//89 135//84 
f 136//81 859//81 860//83 
f 109//82 108//80 858//80 
f 104//78 857//78 858//80 
f 103//79 865//90 857//78 
o mesh25
f 866//91 91//91 88//92 
f 867//93 92//93 91//91 
f 868//94 99//94 92//93 
f 869//95 96//95 99//94 
f 870//96 94//96 96//95 
f 871//97 95//97 94//96 
f 871//97 872//98 107//99 
f 872//98 106//98 107//99 
f 873//100 105//100 106//98 
f 865//101 103//101 105//100 
f 105//100 873//100 865//101 
f 106//98 872//98 873//100 
f 107//99 95//97 871//97 
f 94//96 870//96 871//97 
f 96//95 869//95 870//96 
f 99//94 868//94 869//95 
f 92//93 867//93 868//94 
f 91//91 866//91 867//93 
f 88//92 874//102 866//91 
o mesh26
f 875//103 78//103 76//104 
f 876//105 79//105 78//103 
f 877//106 81//106 79//105 
f 878//107 83//107 81//106 
f 879//108 93//108 83//107 
f 880//109 87//109 93//108 
f 874//110 88//110 87//109 
f 87//109 880//109 874//110 
f 93//108 879//108 880//109 
f 83//107 878//107 879//108 
f 81//106 877//106 878//107 
f 79//105 876//105 877//106 
f 78//103 875//103 876//105 
f 76//104 881//111 875//103 
o mesh27
f 882//112 90//112 86//113 
f 883//114 89//114 90//112 
f 884//115 84//115 89//114 
f 885//116 82//116 84//115 
f 886//117 80//117 82//116 
f 887//118 77//118 80//117 
f 888//119 75//119 77//118 
f 881//120 76//120 75//119 
f 75//119 888//119 881//120 
f 77//118 887//118 888//119 
f 80//117 886//117 887//118 
f 82//116 885//116 886//117 
f 84//115 884//115 885//116 
f 89//114 883//114 884//115 
f 90//112 882//112 883//114 
f 86//113 816//121 882//112 
o mesh28
f 889//120 206//120 213//120 
f 213//120 890//120 889//120 
o mesh29
f 891//122 892//122 893//122 
f 891//122 894//122 895//122 
f 895//122 892//122 891//122 
f 895//122 894//122 896//122 
f 897//122 893//122 898//122 
f 896//122 899//122 895//122 
f 893//122 897//122 891//122 
f 900//122 901//122 902//122 
f 898//122 901//122 897//122 
f 898//122 902//122 901//122 
f 899//122 896//122 903//122 
f 904//122 900//122 905//122 
f 903//122 906//122 899//122 
f 907//122 908//122 909//122 
f 910//122 911//122 889//122 
f 889//122 911//122 912//122 
f 902//122 905//122 900//122 
f 906//122 903//122 907//122 
f 912//122 913//122 889//122 
f 914//122 915//122 913//122 
f 909//122 906//122 907//122 
f 909//122 908//122 916//122 
f 913//122 912//122 914//122 
f 917//122 918//122 915//122 
f 919//122 920//122 918//122 
f 916//122 921//122 909//122 
f 921//122 916//122 922//122 
f 915//122 914//122 917//122 
f 918//122 917//122 919//122 
f 922//122 923//122 921//122 
f 923//122 922//122 924//122 
f 919//122 925//122 920//122 
f 925//122 926//122 927//122 
f 928//122 929//122 930//122 
f 931//122 932//122 929//122 
f 933//122 934//122 935//122 
f 936//122 904//122 937//122 
f 924//122 938//122 923//122 
f 927//122 920//122 925//122 
f 926//122 939//122 930//122 
f 929//122 928//122 931//122 
f 932//122 931//122 933//122 
f 934//122 936//122 940//122 
f 905//122 937//122 904//122 
f 941//122 942//122 943//122 
f 944//122 945//122 946//122 
f 947//122 948//122 949//122 
f 930//122 927//122 926//122 
f 935//122 932//122 933//122 
f 937//122 940//122 936//122 
f 938//122 924//122 942//122 
f 946//122 943//122 944//122 
f 947//122 950//122 951//122 
f 949//122 952//122 947//122 
f 953//122 954//122 948//122 
f 953//122 955//122 956//122 
f 930//122 939//122 928//122 
f 942//122 941//122 938//122 
f 944//122 957//122 945//122 
f 952//122 950//122 947//122 
f 956//122 954//122 953//122 
f 940//122 935//122 934//122 
f 944//122 951//122 957//122 
f 948//122 947//122 953//122 
f 943//122 946//122 941//122 
f 958//122 953//122 947//122 
f 889//122 890//122 910//122 
f 951//122 944//122 947//122 
f 947//122 959//122 958//122 
o mesh30
f 890//123 213//123 222//123 
f 222//123 910//123 890//123 
o mesh31
f 910//124 222//124 184//124 
f 184//124 911//124 910//124 
o mesh32
f 928//125 223//125 217//126 
f 939//127 219//127 223//125 
f 926//128 215//128 219//127 
f 925//129 211//129 215//128 
f 919//130 207//130 211//129 
f 917//131 203//131 207//130 
f 914//132 198//132 203//131 
f 912//133 191//133 198//132 
f 911//134 184//134 191//133 
f 191//133 912//133 911//134 
f 198//132 914//132 912//133 
f 203//131 917//131 914//132 
f 207//130 919//130 917//131 
f 211//129 925//129 919//130 
f 215//128 926//128 925//129 
f 219//127 939//127 926//128 
f 223//125 928//125 939//127 
f 217//126 931//135 928//125 
o mesh33
f 897//136 153//136 152//137 
f 897//136 901//138 154//139 
f 901//138 208//138 154//139 
f 900//140 212//140 208//138 
f 904//141 218//141 212//140 
f 936//142 221//142 218//141 
f 934//143 220//143 221//142 
f 216//144 220//143 934//143 
f 931//145 217//145 216//144 
f 216//144 933//144 931//145 
f 934//143 933//144 216//144 
f 221//142 936//142 934//143 
f 218//141 904//141 936//142 
f 212//140 900//140 904//141 
f 208//138 901//138 900//140 
f 154//139 153//136 897//136 
f 152//137 891//146 897//136 
o mesh34
f 907//147 199//147 177//148 
f 903//149 200//149 199//147 
f 896//150 155//150 156//151 
f 156//151 903//149 896//150 
f 894//152 151//152 155//150 
f 891//153 152//153 151//152 
f 151//152 894//152 891//153 
f 155//150 896//150 894//152 
f 156//151 200//149 903//149 
f 199//147 907//147 903//149 
f 177//148 908//154 907//147 
o mesh35
f 193//155 187//156 944//156 
f 942//157 192//157 193//155 
f 924//158 185//158 192//157 
f 922//159 170//159 185//158 
f 916//160 171//160 170//159 
f 908//161 177//161 171//160 
f 171//160 916//160 908//161 
f 170//159 922//159 916//160 
f 185//158 924//158 922//159 
f 192//157 942//157 924//158 
f 193//155 943//162 942//157 
f 944//156 943//162 193//155 
o mesh36
f 944//163 187//163 186//163 
f 186//163 947//163 944//163 
o mesh37
f 947//164 186//164 169//164 
f 169//164 959//164 947//164 
o mesh38
f 959//163 169//163 204//163 
f 204//163 958//163 959//163 
o mesh39
f 958//165 204//165 209//165 
f 209//165 953//165 958//165 
o mesh40
f 953//166 209//166 214//166 
f 214//166 955//166 953//166 
o mesh41
f 955//167 214//167 161//167 
f 161//167 956//167 955//167 
o mesh42
f 957//168 165//168 164//169 
f 951//170 166//170 165//168 
f 950//171 172//171 166//170 
f 952//172 180//172 172//171 
f 949//173 178//173 180//172 
f 948//174 179//174 178//173 
f 954//175 157//175 179//174 
f 956//176 161//176 157//175 
f 157//175 954//175 956//176 
f 179//174 948//174 954//175 
f 178//173 949//173 948//174 
f 180//172 952//172 949//173 
f 172//171 950//171 952//172 
f 166//170 951//170 950//171 
f 165//168 957//168 951//170 
f 164//169 945//177 957//168 
o mesh43
f 899//178 188//178 195//179 
f 906//180 181//180 188//178 
f 909//181 173//181 181//180 
f 921//182 167//182 173//181 
f 923//183 160//183 167//182 
f 938//184 158//184 160//183 
f 941//185 159//185 158//184 
f 946//186 194//186 159//185 
f 945//187 164//187 194//186 
f 194//186 946//186 945//187 
f 159//185 941//185 946//186 
f 158//184 938//184 941//185 
f 160//183 923//183 938//184 
f 167//182 921//182 923//183 
f 173//181 909//181 921//182 
f 181//180 906//180 909//181 
f 188//178 899//178 906//180 
f 195//179 895//188 899//178 
o mesh44
f 935//189 163//189 162//190 
f 940//191 168//191 163//189 
f 937//192 174//192 168//191 
f 182//193 174//192 937//192 
f 902//194 189//194 182//193 
f 898//195 196//195 189//194 
f 893//196 201//196 196//195 
f 892//197 210//197 201//196 
f 895//198 195//198 210//197 
f 210//197 892//197 895//198 
f 201//196 893//196 892//197 
f 196//195 898//195 893//196 
f 189//194 902//194 898//195 
f 182//193 905//199 902//194 
f 937//192 905//199 182//193 
f 168//191 940//191 937//192 
f 163//189 935//189 940//191 
f 162//190 932//200 935//189 
o mesh45
f 913//201 202//201 206//202 
f 915//203 197//203 202//201 
f 918//204 190//204 197//203 
f 920//205 183//205 190//204 
f 927//206 175//206 183//205 
f 176//207 175//206 927//206 
f 929//208 205//208 176//207 
f 932//209 162//209 205//208 
f 205//208 929//208 932//209 
f 176//207 930//210 929//208 
f 927//206 930//210 176//207 
f 183//205 920//205 927//206 
f 190//204 918//204 920//205 
f 197//203 915//203 918//204 
f 202//201 913//201 915//203 
f 206//202 889//211 913//201 
o mesh46
f 960//212 225//212 224//211 
f 961//213 226//213 225//212 
f 962//214 229//214 226//213 
f 963//215 233//215 230//216 
f 230//216 962//214 963//215 
f 964//217 236//217 233//215 
f 965//218 238//218 236//217 
f 966//219 237//219 238//218 
f 967//220 234//220 237//219 
f 968//221 235//221 234//220 
f 234//220 967//220 968//221 
f 237//219 966//219 967//220 
f 238//218 965//218 966//219 
f 236//217 964//217 965//218 
f 233//215 963//215 964//217 
f 230//216 229//214 962//214 
f 226//213 961//213 962//214 
f 225//212 960//212 961//213 
f 224//211 969//222 960//212 
o mesh47
f 970//223 971//223 972//223 
f 973//223 974//223 975//223 
f 970//223 976//223 971//223 
f 975//223 977//223 973//223 
f 978//223 979//223 980//223 
f 981//223 982//223 983//223 
f 981//223 984//223 985//223 
f 970//223 986//223 976//223 
f 977//223 987//223 973//223 
f 966//223 988//223 989//223 
f 966//223 965//223 964//223 
f 978//223 990//223 979//223 
f 983//223 991//223 981//223 
f 981//223 992//223 984//223 
f 970//223 993//223 986//223 
f 987//223 994//223 973//223 
f 966//223 995//223 996//223 
f 966//223 997//223 988//223 
f 964//223 963//223 966//223 
f 980//223 998//223 978//223 
f 985//223 982//223 981//223 
f 970//223 999//223 993//223 
f 994//223 1000//223 973//223 
f 966//223 1001//223 1002//223 
f 966//223 1003//223 995//223 
f 966//223 1004//223 997//223 
f 966//223 969//223 1005//223 
f 963//223 962//223 966//223 
f 978//223 1006//223 990//223 
f 981//223 970//223 992//223 
f 970//223 981//223 999//223 
f 1000//223 1007//223 973//223 
f 1002//223 1008//223 966//223 
f 966//223 1009//223 1010//223 
f 996//223 1011//223 966//223 
f 966//223 1012//223 1004//223 
f 966//223 960//223 969//223 
f 962//223 961//223 966//223 
f 978//223 1013//223 1006//223 
f 972//223 1014//223 970//223 
f 1007//223 1015//223 973//223 
f 1010//223 1001//223 966//223 
f 966//223 1016//223 1003//223 
f 966//223 1017//223 1012//223 
f 961//223 960//223 966//223 
f 978//223 1018//223 1013//223 
f 991//223 1019//223 981//223 
f 1015//223 1020//223 973//223 
f 966//223 1021//223 1009//223 
f 1011//223 1022//223 966//223 
f 1005//223 1017//223 966//223 
f 978//223 968//223 967//223 
f 978//223 973//223 1018//223 
f 1020//223 981//223 973//223 
f 1008//223 1023//223 966//223 
f 1022//223 1024//223 966//223 
f 989//223 1025//223 966//223 
f 998//223 968//223 978//223 
f 973//223 978//223 974//223 
f 966//223 1026//223 1021//223 
f 1025//223 1016//223 966//223 
f 1019//223 973//223 981//223 
f 1024//223 1026//223 966//223 
f 1023//223 978//223 966//223 
f 967//223 966//223 978//223 
o mesh48
f 989//224 287//224 276//225 
f 988//226 280//226 287//224 
f 274//227 280//226 988//226 
f 1004//228 275//228 274//227 
f 1004//228 1012//229 232//230 
f 1012//229 231//229 232//230 
f 1017//231 227//231 231//229 
f 1005//232 228//232 227//231 
f 969//233 224//233 228//232 
f 228//232 1005//232 969//233 
f 227//231 1017//231 1005//232 
f 231//229 1012//229 1017//231 
f 232//230 275//228 1004//228 
f 274//227 997//234 1004//228 
f 988//226 997//234 274//227 
f 287//224 989//224 988//226 
f 276//225 1025//235 989//224 
o mesh49
f 1024//236 282//236 270//237 
f 1022//238 289//238 282//236 
f 1011//239 290//239 289//238 
f 996//240 288//240 290//239 
f 995//241 281//241 288//240 
f 1003//242 267//242 281//241 
f 1016//243 268//243 267//242 
f 1025//244 276//244 268//243 
f 268//243 1016//243 1025//244 
f 267//242 1003//242 1016//243 
f 281//241 995//241 1003//242 
f 288//240 996//240 995//241 
f 290//239 1011//239 996//240 
f 289//238 1022//238 1011//239 
f 282//236 1024//236 1022//238 
f 270//237 1026//245 1024//236 
o mesh50
f 294//246 283//247 1023//247 
f 292//248 294//246 1008//249 
f 293//250 292//248 1002//251 
f 291//252 293//250 1001//253 
f 277//254 291//252 1010//255 
f 269//256 277//254 1009//257 
f 283//247 272//258 978//258 
f 270//259 269//256 1021//260 
f 1021//260 1026//259 270//259 
f 978//258 1023//247 283//247 
f 1009//257 1021//260 269//256 
f 1010//255 1009//257 277//254 
f 1001//253 1010//255 291//252 
f 1002//251 1001//253 293//250 
f 1008//249 1002//251 292//248 
f 1023//247 1008//249 294//246 
o mesh51
f 1015//261 260//261 257//262 
f 1007//263 262//263 260//261 
f 1000//264 264//264 262//263 
f 994//265 265//265 264//264 
f 987//266 266//266 265//265 
f 977//267 284//267 266//266 
f 975//268 278//268 284//267 
f 974//269 271//269 278//268 
f 978//270 272//270 271//269 
f 271//269 974//269 978//270 
f 278//268 975//268 974//269 
f 284//267 977//267 975//268 
f 266//266 987//266 977//267 
f 265//265 994//265 987//266 
f 264//264 1000//264 994//265 
f 262//263 1007//263 1000//264 
f 260//261 1015//261 1007//263 
f 257//262 1020//271 1015//261 
o mesh52
f 1014//272 279//272 286//273 
f 273//274 279//272 1014//272 
f 971//275 263//275 273//274 
f 976//276 261//276 263//275 
f 259//277 261//276 976//276 
f 993//278 258//278 259//277 
f 999//279 255//279 258//278 
f 981//280 256//280 255//279 
f 1020//281 257//281 256//280 
f 256//280 981//280 1020//281 
f 255//279 999//279 981//280 
f 258//278 993//278 999//279 
f 259//277 986//282 993//278 
f 976//276 986//282 259//277 
f 263//275 971//275 976//276 
f 273//274 972//283 971//275 
f 1014//272 972//283 273//274 
f 286//273 970//284 1014//272 
o mesh53
f 242//285 241//286 1019//286 
f 253//287 242//285 991//288 
f 254//289 253//287 983//290 
f 252//291 254//289 982//292 
f 248//293 252//291 985//294 
f 984//293 992//295 249//296 
f 992//295 285//295 249//296 
f 241//286 240//297 973//297 
f 286//298 285//295 992//295 
f 992//295 970//298 286//298 
f 973//297 1019//286 241//286 
f 249//296 248//293 984//293 
f 985//294 984//293 248//293 
f 982//292 985//294 252//291 
f 983//290 982//292 254//289 
f 991//288 983//290 253//287 
f 1019//286 991//288 242//285 
o mesh54
f 998//299 251//299 247//300 
f 247//300 968//301 998//299 
f 980//302 250//302 251//299 
f 979//303 246//303 250//302 
f 990//304 245//304 246//303 
f 1006//305 244//305 245//304 
f 1013//306 243//306 244//305 
f 1018//307 239//307 243//306 
f 973//308 240//308 239//307 
f 239//307 1018//307 973//308 
f 243//306 1013//306 1018//307 
f 244//305 1006//305 1013//306 
f 245//304 990//304 1006//305 
f 246//303 979//303 990//304 
f 250//302 980//302 979//303 
f 251//299 998//299 980//302 
f 247//300 235//309 968//301 
o mesh55
f 1027//310 67//310 68//310 
f 68//310 1028//310 1027//310 
o mesh56
f 1028//311 68//311 66//311 
f 66//311 1029//311 1028//311 
o mesh57
f 1029//312 66//312 65//312 
f 65//312 1030//312 1029//312 
o mesh58
f 67//313 1027//313 1030//313 
f 1030//313 65//313 67//313 
o mesh59
f 1028//314 1029//314 1030//314 
f 1030//314 1027//314 1028//314 
o mesh60
f 1031//315 59//315 60//315 
f 60//315 1032//315 1031//315 
o mesh61
f 1032//316 60//316 58//316 
f 58//316 1033//316 1032//316 
o mesh62
f 1033//317 58//317 57//317 
f 57//317 1034//317 1033//317 
o mesh63
f 59//318 1031//318 1034//318 
f 1034//318 57//318 59//318 
o mesh64
f 1032//319 1033//319 1034//319 
f 1034//319 1031//319 1032//319 
o mesh65
f 296//320 295//321 1035//321 
f 1036//322 297//322 296//320 
f 1037//323 300//323 297//322 
f 1038//324 304//324 301//325 
f 301//325 1037//323 1038//324 
f 1039//326 307//326 304//324 
f 1040//327 309//327 307//326 
f 1041//328 308//328 309//327 
f 1042//329 305//329 308//328 
f 1043//330 306//330 305//329 
f 305//329 1042//329 1043//330 
f 308//328 1041//328 1042//329 
f 309//327 1040//327 1041//328 
f 307//326 1039//326 1040//327 
f 304//324 1038//324 1039//326 
f 301//325 300//323 1037//323 
f 297//322 1036//322 1037//323 
f 296//320 1044//331 1036//322 
f 1035//321 1044//331 296//320 
o mesh66
f 1045//332 1046//332 1047//332 
f 1048//332 1049//332 1050//332 
f 1051//332 1052//332 1053//332 
f 1045//332 1054//332 1046//332 
f 1050//332 1055//332 1048//332 
f 1056//332 1057//332 1058//332 
f 1051//332 1059//332 1052//332 
f 1051//332 1060//332 1061//332 
f 1045//332 1062//332 1054//332 
f 1055//332 1063//332 1048//332 
f 1041//332 1064//332 1065//332 
f 1041//332 1040//332 1039//332 
f 1056//332 1066//332 1057//332 
f 1061//332 1059//332 1051//332 
f 1045//332 1067//332 1062//332 
f 1063//332 1068//332 1048//332 
f 1041//332 1069//332 1070//332 
f 1041//332 1071//332 1064//332 
f 1039//332 1038//332 1041//332 
f 1058//332 1072//332 1056//332 
f 1053//332 1073//332 1051//332 
f 1045//332 1074//332 1067//332 
f 1068//332 1075//332 1048//332 
f 1041//332 1076//332 1077//332 
f 1041//332 1078//332 1069//332 
f 1041//332 1079//332 1071//332 
f 1041//332 1035//332 1080//332 
f 1038//332 1037//332 1041//332 
f 1056//332 1081//332 1066//332 
f 1051//332 1045//332 1060//332 
f 1045//332 1051//332 1074//332 
f 1075//332 1082//332 1048//332 
f 1041//332 1083//332 1084//332 
f 1041//332 1085//332 1076//332 
f 1070//332 1086//332 1041//332 
f 1041//332 1087//332 1079//332 
f 1041//332 1044//332 1035//332 
f 1037//332 1036//332 1041//332 
f 1056//332 1088//332 1081//332 
f 1047//332 1089//332 1045//332 
f 1082//332 1090//332 1048//332 
f 1077//332 1083//332 1041//332 
f 1041//332 1091//332 1078//332 
f 1041//332 1092//332 1087//332 
f 1036//332 1044//332 1041//332 
f 1056//332 1093//332 1088//332 
f 1073//332 1094//332 1051//332 
f 1090//332 1095//332 1048//332 
f 1084//332 1096//332 1041//332 
f 1086//332 1097//332 1041//332 
f 1080//332 1092//332 1041//332 
f 1056//332 1043//332 1042//332 
f 1056//332 1048//332 1093//332 
f 1095//332 1051//332 1048//332 
f 1096//332 1098//332 1041//332 
f 1097//332 1099//332 1041//332 
f 1065//332 1100//332 1041//332 
f 1072//332 1043//332 1056//332 
f 1048//332 1056//332 1049//332 
f 1041//332 1101//332 1085//332 
f 1100//332 1091//332 1041//332 
f 1094//332 1048//332 1051//332 
f 1099//332 1101//332 1041//332 
f 1098//332 1056//332 1041//332 
f 1042//332 1041//332 1056//332 
o mesh67
f 1065//333 352//333 343//334 
f 346//335 352//333 1065//333 
f 1071//336 341//336 346//335 
f 342//337 341//336 1071//336 
f 1079//337 1087//338 303//339 
f 1087//338 302//338 303//339 
f 1092//340 298//340 302//338 
f 1080//341 299//341 298//340 
f 1035//342 295//342 299//341 
f 299//341 1080//341 1035//342 
f 298//340 1092//340 1080//341 
f 302//338 1087//338 1092//340 
f 303//339 342//337 1079//337 
f 1071//336 1079//337 342//337 
f 346//335 1064//343 1071//336 
f 1065//333 1064//343 346//335 
f 343//334 1100//344 1065//333 
o mesh68
f 1099//345 348//345 339//346 
f 1097//347 354//347 348//345 
f 1086//348 357//348 354//347 
f 1070//349 353//349 357//348 
f 1069//350 347//350 353//349 
f 1078//351 336//351 347//350 
f 1091//352 337//352 336//351 
f 1100//353 343//353 337//352 
f 337//352 1091//352 1100//353 
f 336//351 1078//351 1091//352 
f 347//350 1069//350 1078//351 
f 353//349 1070//349 1069//350 
f 357//348 1086//348 1070//349 
f 354//347 1097//347 1086//348 
f 348//345 1099//345 1097//347 
f 339//346 1101//354 1099//345 
o mesh69
f 365//355 358//356 1098//356 
f 363//357 365//355 1096//358 
f 364//359 363//357 1084//360 
f 362//361 364//359 1083//362 
f 344//363 362//361 1077//364 
f 338//365 344//363 1076//366 
f 358//356 350//367 1056//367 
f 339//368 338//365 1085//369 
f 1085//369 1101//368 339//368 
f 1056//367 1098//356 358//356 
f 1076//366 1085//369 338//365 
f 1077//364 1076//366 344//363 
f 1083//362 1077//364 362//361 
f 1084//360 1083//362 364//359 
f 1096//358 1084//360 363//357 
f 1098//356 1096//358 365//355 
o mesh70
f 1090//370 331//370 328//371 
f 1082//372 333//372 331//370 
f 1075//373 335//373 333//372 
f 1068//374 340//374 335//373 
f 1063//375 345//375 340//374 
f 1055//376 359//376 345//375 
f 1050//377 355//377 359//376 
f 1049//378 349//378 355//377 
f 1056//379 350//379 349//378 
f 349//378 1049//378 1056//379 
f 355//377 1050//377 1049//378 
f 359//376 1055//376 1050//377 
f 345//375 1063//375 1055//376 
f 340//374 1068//374 1063//375 
f 335//373 1075//373 1068//374 
f 333//372 1082//372 1075//373 
f 331//370 1090//370 1082//372 
f 328//371 1095//380 1090//370 
o mesh71
f 1089//381 356//381 361//382 
f 351//383 356//381 1089//381 
f 1046//384 334//384 351//383 
f 1054//385 332//385 334//384 
f 1062//386 330//386 332//385 
f 1067//387 329//387 330//386 
f 1074//388 326//388 329//387 
f 1051//389 327//389 326//388 
f 1095//390 328//390 327//389 
f 327//389 1051//389 1095//390 
f 326//388 1074//388 1051//389 
f 329//387 1067//387 1074//388 
f 330//386 1062//386 1067//387 
f 332//385 1054//385 1062//386 
f 334//384 1046//384 1054//385 
f 351//383 1047//391 1046//384 
f 1089//381 1047//391 351//383 
f 361//382 1045//392 1089//381 
o mesh72
f 313//393 312//394 1094//394 
f 325//395 313//393 1073//396 
f 319//397 325//395 1053//398 
f 320//399 319//397 1052//400 
f 323//401 320//399 1059//402 
f 1061//401 1060//403 324//404 
f 1060//403 360//403 324//404 
f 312//394 311//405 1048//405 
f 361//406 360//403 1060//403 
f 1060//403 1045//406 361//406 
f 1048//405 1094//394 312//394 
f 324//404 323//401 1061//401 
f 1059//402 1061//401 323//401 
f 1052//400 1059//402 320//399 
f 1053//398 1052//400 319//397 
f 1073//396 1053//398 325//395 
f 1094//394 1073//396 313//393 
o mesh73
f 1072//407 322//407 318//408 
f 318//408 1043//409 1072//407 
f 1058//410 321//410 322//407 
f 1057//411 317//411 321//410 
f 1066//412 316//412 317//411 
f 1081//413 315//413 316//412 
f 1088//414 314//414 315//413 
f 1093//415 310//415 314//414 
f 1048//416 311//416 310//415 
f 310//415 1093//415 1048//416 
f 314//414 1088//414 1093//415 
f 315//413 1081//413 1088//414 
f 316//412 1066//412 1081//413 
f 317//411 1057//411 1066//412 
f 321//410 1058//410 1057//411 
f 322//407 1072//407 1058//410 
f 318//408 306//417 1043//409 
o mesh74
f 1102//418 421//418 428//418 
f 428//418 1103//418 1102//418 
o mesh75
f 1104//419 1105//419 1106//419 
f 1104//419 1107//419 1108//419 
f 1108//419 1105//419 1104//419 
f 1108//419 1107//419 1109//419 
f 1110//419 1106//419 1111//419 
f 1109//419 1112//419 1108//419 
f 1106//419 1110//419 1104//419 
f 1113//419 1114//419 1115//419 
f 1111//419 1114//419 1110//419 
f 1111//419 1115//419 1114//419 
f 1112//419 1109//419 1116//419 
f 1117//419 1113//419 1118//419 
f 1116//419 1119//419 1112//419 
f 1120//419 1121//419 1122//419 
f 1123//419 1124//419 1102//419 
f 1102//419 1124//419 1125//419 
f 1115//419 1118//419 1113//419 
f 1119//419 1116//419 1120//419 
f 1125//419 1126//419 1102//419 
f 1127//419 1128//419 1126//419 
f 1122//419 1119//419 1120//419 
f 1122//419 1121//419 1129//419 
f 1126//419 1125//419 1127//419 
f 1130//419 1131//419 1128//419 
f 1132//419 1133//419 1131//419 
f 1129//419 1134//419 1122//419 
f 1134//419 1129//419 1135//419 
f 1128//419 1127//419 1130//419 
f 1131//419 1130//419 1132//419 
f 1135//419 1136//419 1134//419 
f 1136//419 1135//419 1137//419 
f 1132//419 1138//419 1133//419 
f 1138//419 1139//419 1140//419 
f 1141//419 1142//419 1143//419 
f 1144//419 1145//419 1142//419 
f 1146//419 1147//419 1148//419 
f 1149//419 1117//419 1150//419 
f 1137//419 1151//419 1136//419 
f 1140//419 1133//419 1138//419 
f 1139//419 1152//419 1143//419 
f 1142//419 1141//419 1144//419 
f 1145//419 1144//419 1146//419 
f 1147//419 1149//419 1153//419 
f 1118//419 1150//419 1117//419 
f 1154//419 1155//419 1156//419 
f 1157//419 1158//419 1159//419 
f 1160//419 1161//419 1162//419 
f 1143//419 1140//419 1139//419 
f 1148//419 1145//419 1146//419 
f 1150//419 1153//419 1149//419 
f 1151//419 1137//419 1155//419 
f 1159//419 1156//419 1157//419 
f 1160//419 1163//419 1164//419 
f 1162//419 1165//419 1160//419 
f 1166//419 1167//419 1161//419 
f 1166//419 1168//419 1169//419 
f 1143//419 1152//419 1141//419 
f 1155//419 1154//419 1151//419 
f 1157//419 1170//419 1158//419 
f 1165//419 1163//419 1160//419 
f 1169//419 1167//419 1166//419 
f 1153//419 1148//419 1147//419 
f 1157//419 1164//419 1170//419 
f 1161//419 1160//419 1166//419 
f 1156//419 1159//419 1154//419 
f 1171//419 1166//419 1160//419 
f 1102//419 1103//419 1123//419 
f 1164//419 1157//419 1160//419 
f 1160//419 1172//419 1171//419 
o mesh76
f 1103//420 428//420 437//420 
f 437//420 1123//420 1103//420 
o mesh77
f 1123//421 437//421 399//421 
f 399//421 1124//421 1123//421 
o mesh78
f 1141//422 438//422 432//423 
f 434//424 438//422 1141//422 
f 1139//425 430//425 434//424 
f 1138//426 426//426 430//425 
f 1132//427 422//427 426//426 
f 1130//428 418//428 422//427 
f 1127//429 413//429 418//428 
f 1125//430 406//430 413//429 
f 1124//431 399//431 406//430 
f 406//430 1125//430 1124//431 
f 413//429 1127//429 1125//430 
f 418//428 1130//428 1127//429 
f 422//427 1132//427 1130//428 
f 426//426 1138//426 1132//427 
f 430//425 1139//425 1138//426 
f 434//424 1152//432 1139//425 
f 1141//422 1152//432 434//424 
f 432//423 1144//433 1141//422 
o mesh79
f 1110//434 368//434 367//435 
f 1110//434 1114//436 369//437 
f 1114//436 423//436 369//437 
f 1113//438 427//438 423//436 
f 1117//439 433//439 427//438 
f 1149//440 436//440 433//439 
f 1147//441 435//441 436//440 
f 1146//442 431//442 435//441 
f 1144//443 432//443 431//442 
f 431//442 1146//442 1144//443 
f 435//441 1147//441 1146//442 
f 436//440 1149//440 1147//441 
f 433//439 1117//439 1149//440 
f 427//438 1113//438 1117//439 
f 423//436 1114//436 1113//438 
f 369//437 368//434 1110//434 
f 367//435 1104//444 1110//434 
o mesh80
f 1120//445 414//445 392//446 
f 1116//447 415//447 414//445 
f 1109//448 370//448 371//449 
f 371//449 1116//447 1109//448 
f 1107//450 366//450 370//448 
f 1104//451 367//451 366//450 
f 366//450 1107//450 1104//451 
f 370//448 1109//448 1107//450 
f 371//449 415//447 1116//447 
f 414//445 1120//445 1116//447 
f 392//446 1121//452 1120//445 
o mesh81
f 1156//453 408//453 402//454 
f 1155//455 407//455 408//453 
f 1137//456 400//456 407//455 
f 1135//457 385//457 400//456 
f 1129//458 386//458 385//457 
f 1121//459 392//459 386//458 
f 386//458 1129//458 1121//459 
f 385//457 1135//457 1129//458 
f 400//456 1137//456 1135//457 
f 407//455 1155//455 1137//456 
f 408//453 1156//453 1155//455 
f 402//454 1157//460 1156//453 
o mesh82
f 1157//461 402//461 401//461 
f 401//461 1160//461 1157//461 
o mesh83
f 1160//462 401//462 384//462 
f 384//462 1172//462 1160//462 
o mesh84
f 1172//461 384//461 419//461 
f 419//461 1171//461 1172//461 
o mesh85
f 1171//463 419//463 424//463 
f 424//463 1166//463 1171//463 
o mesh86
f 1166//464 424//464 429//464 
f 429//464 1168//464 1166//464 
o mesh87
f 1168//465 429//465 376//465 
f 376//465 1169//465 1168//465 
o mesh88
f 1170//466 380//466 379//467 
f 1164//468 381//468 380//466 
f 1163//469 387//469 381//468 
f 1165//470 395//470 387//469 
f 1162//471 393//471 395//470 
f 1161//472 394//472 393//471 
f 1167//473 372//473 394//472 
f 1169//474 376//474 372//473 
f 372//473 1167//473 1169//474 
f 394//472 1161//472 1167//473 
f 393//471 1162//471 1161//472 
f 395//470 1165//470 1162//471 
f 387//469 1163//469 1165//470 
f 381//468 1164//468 1163//469 
f 380//466 1170//466 1164//468 
f 379//467 1158//475 1170//466 
o mesh89
f 1112//476 403//476 410//477 
f 1119//478 396//478 403//476 
f 1122//479 388//479 396//478 
f 382//480 388//479 1122//479 
f 1136//481 375//481 382//480 
f 1151//482 373//482 375//481 
f 1154//483 374//483 373//482 
f 1159//484 409//484 374//483 
f 1158//485 379//485 409//484 
f 409//484 1159//484 1158//485 
f 374//483 1154//483 1159//484 
f 373//482 1151//482 1154//483 
f 375//481 1136//481 1151//482 
f 382//480 1134//486 1136//481 
f 1122//479 1134//486 382//480 
f 396//478 1119//478 1122//479 
f 403//476 1112//476 1119//478 
f 410//477 1108//487 1112//476 
o mesh90
f 1148//488 378//488 377//489 
f 1153//490 383//490 378//488 
f 389//491 383//490 1153//490 
f 397//492 389//491 1150//491 
f 1115//493 404//493 397//492 
f 1111//494 411//494 404//493 
f 1106//495 416//495 411//494 
f 1105//496 425//496 416//495 
f 1108//497 410//497 425//496 
f 425//496 1105//496 1108//497 
f 416//495 1106//495 1105//496 
f 411//494 1111//494 1106//495 
f 404//493 1115//493 1111//494 
f 397//492 1118//498 1115//493 
f 1150//491 1118//498 397//492 
f 1153//490 1150//491 389//491 
f 378//488 1148//488 1153//490 
f 377//489 1145//499 1148//488 
o mesh91
f 1126//500 417//500 421//501 
f 1128//502 412//502 417//500 
f 405//503 412//502 1128//502 
f 1133//504 398//504 405//503 
f 1140//505 390//505 398//504 
f 1143//506 391//506 390//505 
f 1142//507 420//507 391//506 
f 1145//508 377//508 420//507 
f 420//507 1142//507 1145//508 
f 391//506 1143//506 1142//507 
f 390//505 1140//505 1143//506 
f 398//504 1133//504 1140//505 
f 405//503 1131//509 1133//504 
f 1128//502 1131//509 405//503 
f 417//500 1126//500 1128//502 
f 421//501 1102//510 1126//500 
o mesh92
f 1173//511 62//511 63//511 
f 63//511 1174//511 1173//511 
o mesh93
f 1174//512 63//512 64//512 
f 64//512 1175//512 1174//512 
o mesh94
f 1175//513 64//513 61//513 
f 61//513 1176//513 1175//513 
o mesh95
f 62//514 1173//514 1176//514 
f 1176//514 61//514 62//514 
o mesh96
f 1174//515 1175//515 1176//515 
f 1176//515 1173//515 1174//515 
o mesh97
f 1177//516 463//516 462//517 
f 1178//518 466//518 463//516 
f 471//519 466//518 1178//518 
f 1179//520 474//520 471//519 
f 1180//521 478//521 474//520 
f 1181//522 492//522 478//521 
f 1182//523 491//523 492//522 
f 1183//524 484//524 491//523 
f 1184//525 485//525 484//524 
f 484//524 1183//524 1184//525 
f 491//523 1182//523 1183//524 
f 492//522 1181//522 1182//523 
f 478//521 1180//521 1181//522 
f 474//520 1179//520 1180//521 
f 471//519 1185//526 1179//520 
f 1178//518 1185//526 471//519 
f 463//516 1177//516 1178//518 
f 462//517 1186//527 1177//516 
o mesh98
f 1187//528 1188//528 1189//528 
f 1190//528 1191//528 1192//528 
f 1187//528 1193//528 1188//528 
f 1192//528 1194//528 1190//528 
f 1195//528 1196//528 1197//528 
f 1198//528 1199//528 1200//528 
f 1198//528 1201//528 1202//528 
f 1187//528 1203//528 1193//528 
f 1194//528 1204//528 1190//528 
f 1182//528 1205//528 1206//528 
f 1182//528 1181//528 1180//528 
f 1195//528 1207//528 1196//528 
f 1198//528 1208//528 1199//528 
f 1198//528 1209//528 1201//528 
f 1187//528 1210//528 1203//528 
f 1204//528 1211//528 1190//528 
f 1182//528 1212//528 1213//528 
f 1182//528 1214//528 1205//528 
f 1180//528 1179//528 1182//528 
f 1197//528 1215//528 1195//528 
f 1202//528 1208//528 1198//528 
f 1187//528 1216//528 1210//528 
f 1211//528 1217//528 1190//528 
f 1182//528 1218//528 1212//528 
f 1182//528 1219//528 1214//528 
f 1182//528 1186//528 1220//528 
f 1179//528 1185//528 1182//528 
f 1195//528 1221//528 1207//528 
f 1198//528 1187//528 1209//528 
f 1187//528 1198//528 1216//528 
f 1217//528 1222//528 1190//528 
f 1182//528 1223//528 1224//528 
f 1182//528 1225//528 1226//528 
f 1213//528 1227//528 1182//528 
f 1182//528 1228//528 1219//528 
f 1182//528 1177//528 1186//528 
f 1185//528 1178//528 1182//528 
f 1195//528 1229//528 1221//528 
f 1189//528 1230//528 1187//528 
f 1222//528 1231//528 1190//528 
f 1182//528 1232//528 1233//528 
f 1226//528 1223//528 1182//528 
f 1182//528 1234//528 1218//528 
f 1182//528 1235//528 1228//528 
f 1178//528 1177//528 1182//528 
f 1195//528 1236//528 1229//528 
f 1200//528 1237//528 1198//528 
f 1231//528 1238//528 1190//528 
f 1224//528 1232//528 1182//528 
f 1227//528 1239//528 1182//528 
f 1220//528 1235//528 1182//528 
f 1195//528 1184//528 1183//528 
f 1195//528 1190//528 1236//528 
f 1238//528 1198//528 1190//528 
f 1233//528 1240//528 1182//528 
f 1239//528 1241//528 1182//528 
f 1206//528 1242//528 1182//528 
f 1215//528 1184//528 1195//528 
f 1190//528 1195//528 1191//528 
f 1182//528 1243//528 1225//528 
f 1242//528 1234//528 1182//528 
f 1237//528 1190//528 1198//528 
f 1241//528 1243//528 1182//528 
f 1240//528 1195//528 1182//528 
f 1183//528 1182//528 1195//528 
o mesh99
f 1206//529 479//529 486//530 
f 1205//531 475//531 479//529 
f 1214//532 472//532 475//531 
f 469//533 472//532 1214//532 
f 1228//534 467//534 469//533 
f 1235//535 464//535 467//534 
f 1220//536 465//536 464//535 
f 1186//537 462//537 465//536 
f 465//536 1220//536 1186//537 
f 464//535 1235//535 1220//536 
f 467//534 1228//534 1235//535 
f 469//533 1219//538 1228//534 
f 1214//532 1219//538 469//533 
f 475//531 1205//531 1214//532 
f 479//529 1206//529 1205//531 
f 486//530 1242//539 1206//529 
o mesh100
f 1241//540 494//540 476//541 
f 1239//542 498//542 494//540 
f 1227//543 503//543 498//542 
f 1213//544 497//544 503//543 
f 1212//545 493//545 497//544 
f 480//546 493//545 1212//545 
f 1234//547 481//547 480//546 
f 1242//548 486//548 481//547 
f 481//547 1234//547 1242//548 
f 480//546 1218//549 1234//547 
f 1212//545 1218//549 480//546 
f 497//544 1213//544 1212//545 
f 503//543 1227//543 1213//544 
f 498//542 1239//542 1227//543 
f 494//540 1241//540 1239//542 
f 476//541 1243//550 1241//540 
o mesh101
f 506//551 499//552 1240//552 
f 507//553 506//551 1233//554 
f 504//555 507//553 1232//556 
f 505//557 504//555 1224//558 
f 487//559 505//557 1223//560 
f 482//561 487//559 1226//562 
f 499//552 489//563 1195//563 
f 476//564 482//561 1225//565 
f 1225//565 1243//564 476//564 
f 1195//563 1240//552 499//552 
f 1226//562 1225//565 482//561 
f 1223//560 1226//562 487//559 
f 1224//558 1223//560 505//557 
f 1232//556 1224//558 504//555 
f 1233//554 1232//556 507//553 
f 1240//552 1233//554 506//551 
o mesh102
f 460//566 457//567 1238//567 
f 1222//568 468//568 460//566 
f 1217//569 473//569 468//568 
f 1211//570 477//570 473//569 
f 1204//571 483//571 477//570 
f 1194//572 500//572 483//571 
f 495//573 500//572 1194//572 
f 1191//574 488//574 495//573 
f 1195//575 489//575 488//574 
f 488//574 1191//574 1195//575 
f 495//573 1192//576 1191//574 
f 1194//572 1192//576 495//573 
f 483//571 1204//571 1194//572 
f 477//570 1211//570 1204//571 
f 473//569 1217//569 1211//570 
f 468//568 1222//568 1217//569 
f 460//566 1231//577 1222//568 
f 1238//567 1231//577 460//566 
o mesh103
f 1230//578 496//578 502//579 
f 1189//580 490//580 496//578 
f 470//581 490//580 1189//580 
f 1193//582 461//582 470//581 
f 1203//583 459//583 461//582 
f 1210//584 458//584 459//583 
f 1216//585 455//585 458//584 
f 1198//586 456//586 455//585 
f 1238//587 457//587 456//586 
f 456//586 1198//586 1238//587 
f 455//585 1216//585 1198//586 
f 458//584 1210//584 1216//585 
f 459//583 1203//583 1210//584 
f 461//582 1193//582 1203//583 
f 470//581 1188//588 1193//582 
f 1189//580 1188//588 470//581 
f 496//578 1230//578 1189//580 
f 502//579 1187//589 1230//578 
o mesh104
f 452//590 442//591 1237//591 
f 447//592 452//590 1200//593 
f 448//594 447//592 1199//595 
f 451//596 448//594 1208//597 
f 445//598 451//596 1202//599 
f 1201//598 1209//600 446//601 
f 1209//600 501//600 446//601 
f 442//591 440//602 1190//602 
f 502//603 501//600 1209//600 
f 1209//600 1187//603 502//603 
f 1190//602 1237//591 442//591 
f 446//601 445//598 1201//598 
f 1202//599 1201//598 445//598 
f 1208//597 1202//599 451//596 
f 1199//595 1208//597 448//594 
f 1200//593 1199//595 447//592 
f 1237//591 1200//593 452//590 
o mesh105
f 1215//604 454//604 450//605 
f 450//605 1184//606 1215//604 
f 1197//607 453//607 454//604 
f 1196//608 449//608 453//607 
f 444//609 449//608 1196//608 
f 1221//610 443//610 444//609 
f 1229//611 441//611 443//610 
f 1236//612 439//612 441//611 
f 1190//613 440//613 439//612 
f 439//612 1236//612 1190//613 
f 441//611 1229//611 1236//612 
f 443//610 1221//610 1229//611 
f 444//609 1207//614 1221//610 
f 1196//608 1207//614 444//609 
f 453//607 1197//607 1196//608 
f 454//604 1215//604 1197//607 
f 450//605 485//615 1184//606 
o mesh106
f 1244//616 617//616 595//617 
f 1245//618 629//618 617//616 
f 1246//619 634//619 629//618 
f 1247//620 649//620 634//619 
f 1248//621 651//621 649//620 
f 1249//622 648//622 651//621 
f 1250//623 639//623 648//622 
f 1251//624 627//624 639//623 
f 1252//625 628//625 627//624 
f 1253//626 633//626 628//625 
f 628//625 1252//625 1253//626 
f 627//624 1251//624 1252//625 
f 639//623 1250//623 1251//624 
f 648//622 1249//622 1250//623 
f 651//621 1248//621 1249//622 
f 649//620 1247//620 1248//621 
f 634//619 1246//619 1247//620 
f 629//618 1245//618 1246//619 
f 617//616 1244//616 1245//618 
f 595//617 1254//627 1244//616 
o mesh107
f 1255//628 1256//628 1257//628 
f 1258//628 1259//628 1260//628 
f 1256//628 1261//628 1257//628 
f 1255//628 1262//628 1258//628 
f 1259//628 1263//628 1264//628 
f 1257//628 1262//628 1255//628 
f 1264//628 1260//628 1259//628 
f 1265//628 1266//628 1267//628 
f 1265//628 1268//628 1269//628 
f 1270//628 1271//628 1272//628 
f 1260//628 1255//628 1258//628 
f 1273//628 1274//628 1275//628 
f 1276//628 1277//628 1274//628 
f 1278//628 1269//628 1268//628 
f 1269//628 1266//628 1265//628 
f 1279//628 1280//628 1270//628 
f 1271//628 1281//628 1282//628 
f 1263//628 1283//628 1264//628 
f 1284//628 1285//628 1283//628 
f 1286//628 1287//628 1288//628 
f 1289//628 1290//628 1291//628 
f 1274//628 1273//628 1276//628 
f 1276//628 1292//628 1293//628 
f 1292//628 1294//628 1295//628 
f 1294//628 1296//628 1297//628 
f 1297//628 1296//628 1298//628 
f 1299//628 1267//628 1300//628 
f 1267//628 1299//628 1265//628 
f 1282//628 1272//628 1271//628 
f 1283//628 1263//628 1284//628 
f 1285//628 1284//628 1301//628 
f 1244//628 1302//628 1303//628 
f 1244//628 1254//628 1304//628 
f 1291//628 1288//628 1289//628 
f 1305//628 1306//628 1290//628 
f 1293//628 1277//628 1276//628 
f 1297//628 1295//628 1294//628 
f 1298//628 1300//628 1307//628 
f 1268//628 1308//628 1278//628 
f 1281//628 1309//628 1282//628 
f 1310//628 1311//628 1309//628 
f 1312//628 1313//628 1314//628 
f 1312//628 1315//628 1316//628 
f 1317//628 1318//628 1319//628 
f 1320//628 1318//628 1317//628 
f 1301//628 1321//628 1285//628 
f 1322//628 1323//628 1321//628 
f 1304//628 1302//628 1244//628 
f 1324//628 1304//628 1254//628 
f 1290//628 1289//628 1305//628 
f 1278//628 1308//628 1306//628 
f 1295//628 1293//628 1292//628 
f 1300//628 1298//628 1299//628 
f 1325//628 1326//628 1280//628 
f 1309//628 1281//628 1310//628 
f 1327//628 1314//628 1311//628 
f 1316//628 1313//628 1312//628 
f 1328//628 1319//628 1329//628 
f 1317//628 1330//628 1320//628 
f 1321//628 1301//628 1322//628 
f 1331//628 1332//628 1323//628 
f 1333//628 1334//628 1335//628 
f 1245//628 1303//628 1336//628 
f 1254//628 1337//628 1324//628 
f 1306//628 1305//628 1278//628 
f 1298//628 1307//628 1297//628 
f 1272//628 1279//628 1270//628 
f 1314//628 1327//628 1312//628 
f 1319//628 1328//628 1317//628 
f 1338//628 1339//628 1320//628 
f 1323//628 1322//628 1331//628 
f 1340//628 1341//628 1332//628 
f 1333//628 1342//628 1341//628 
f 1334//628 1343//628 1335//628 
f 1246//628 1336//628 1344//628 
f 1303//628 1245//628 1244//628 
f 1345//628 1287//628 1286//628 
f 1275//628 1346//628 1273//628 
f 1347//628 1348//628 1349//628 
f 1311//628 1310//628 1327//628 
f 1350//628 1316//628 1315//628 
f 1320//628 1330//628 1338//628 
f 1351//628 1352//628 1339//628 
f 1332//628 1331//628 1340//628 
f 1335//628 1342//628 1333//628 
f 1253//628 1353//628 1343//628 
f 1247//628 1344//628 1354//628 
f 1336//628 1246//628 1245//628 
f 1355//628 1356//628 1357//628 
f 1358//628 1345//628 1359//628 
f 1288//628 1291//628 1286//628 
f 1348//628 1360//628 1349//628 
f 1361//628 1362//628 1363//628 
f 1315//628 1364//628 1350//628 
f 1365//628 1366//628 1350//628 
f 1367//628 1368//628 1366//628 
f 1369//628 1370//628 1368//628 
f 1371//628 1329//628 1372//628 
f 1339//628 1338//628 1351//628 
f 1341//628 1340//628 1333//628 
f 1343//628 1334//628 1253//628 
f 1248//628 1354//628 1373//628 
f 1344//628 1247//628 1246//628 
f 1357//628 1374//628 1355//628 
f 1286//628 1359//628 1345//628 
f 1363//628 1347//628 1361//628 
f 1362//628 1326//628 1325//628 
f 1350//628 1364//628 1365//628 
f 1368//628 1367//628 1369//628 
f 1375//628 1372//628 1376//628 
f 1329//628 1371//628 1328//628 
f 1253//628 1252//628 1353//628 
f 1252//628 1251//628 1377//628 
f 1249//628 1373//628 1378//628 
f 1354//628 1248//628 1247//628 
f 1379//628 1346//628 1275//628 
f 1359//628 1356//628 1358//628 
f 1325//628 1363//628 1362//628 
f 1366//628 1365//628 1367//628 
f 1380//628 1376//628 1381//628 
f 1372//628 1375//628 1371//628 
f 1382//628 1383//628 1352//628 
f 1377//628 1353//628 1252//628 
f 1251//628 1250//628 1378//628 
f 1373//628 1249//628 1248//628 
f 1337//628 1384//628 1385//628 
f 1374//628 1357//628 1386//628 
f 1355//628 1358//628 1356//628 
f 1280//628 1279//628 1325//628 
f 1387//628 1381//628 1370//628 
f 1376//628 1380//628 1375//628 
f 1352//628 1351//628 1382//628 
f 1378//628 1377//628 1251//628 
f 1385//628 1324//628 1337//628 
f 1388//628 1386//628 1385//628 
f 1275//628 1383//628 1379//628 
f 1370//628 1369//628 1387//628 
f 1382//628 1379//628 1383//628 
f 1378//628 1250//628 1249//628 
f 1386//628 1388//628 1374//628 
f 1381//628 1387//628 1380//628 
f 1385//628 1384//628 1388//628 
f 1256//628 1389//628 1261//628 
f 1349//628 1361//628 1347//628 
o mesh108
f 1345//629 653//629 650//630 
f 652//631 653//629 1345//629 
f 1355//632 646//632 652//631 
f 1374//633 636//633 646//632 
f 1388//634 621//634 636//633 
f 1384//635 609//635 621//634 
f 1337//636 594//636 609//635 
f 1254//637 595//637 594//636 
f 594//636 1337//636 1254//637 
f 609//635 1384//635 1337//636 
f 621//634 1388//634 1384//635 
f 636//633 1374//633 1388//634 
f 646//632 1355//632 1374//633 
f 652//631 1358//638 1355//632 
f 1345//629 1358//638 652//631 
f 650//630 1287//639 1345//629 
o mesh109
f 1278//640 642//640 645//641 
f 1305//642 643//642 642//640 
f 1289//643 640//643 643//642 
f 1288//644 641//644 640//643 
f 1287//645 650//645 641//644 
f 641//644 1288//644 1287//645 
f 640//643 1289//643 1288//644 
f 643//642 1305//642 1289//643 
f 642//640 1278//640 1305//642 
f 645//641 1269//646 1278//640 
o mesh110
f 622//647 611//648 1300//648 
f 1266//649 644//649 622//647 
f 1269//650 645//650 644//649 
f 644//649 1266//649 1269//650 
f 622//647 1267//651 1266//649 
f 1300//648 1267//651 622//647 
o mesh111
f 1293//652 599//652 598//653 
f 1295//654 596//654 599//652 
f 597//655 596//654 1295//654 
f 1307//656 610//656 597//655 
f 1300//657 611//657 610//656 
f 610//656 1307//656 1300//657 
f 597//655 1297//658 1307//656 
f 1295//654 1297//658 597//655 
f 599//652 1293//652 1295//654 
f 598//653 1277//659 1293//652 
o mesh112
f 1320//660 623//660 631//661 
f 1339//662 612//662 623//660 
f 1352//663 600//663 612//662 
f 1383//664 601//664 600//663 
f 1275//665 618//665 601//664 
f 1274//666 630//666 618//665 
f 1277//667 598//667 630//666 
f 630//666 1274//666 1277//667 
f 618//665 1275//665 1274//666 
f 601//664 1383//664 1275//665 
f 600//663 1352//663 1383//664 
f 612//662 1339//662 1352//663 
f 623//660 1320//660 1339//662 
f 631//661 1318//668 1320//660 
o mesh113
f 1316//669 614//669 620//670 
f 1350//671 603//671 614//669 
f 604//672 603//671 1350//671 
f 1368//673 602//673 604//672 
f 1370//674 591//674 602//673 
f 1381//675 592//675 591//674 
f 1376//676 593//676 592//675 
f 1372//677 613//677 593//676 
f 1329//678 619//678 613//677 
f 1319//679 637//679 619//678 
f 1318//680 631//680 637//679 
f 637//679 1319//679 1318//680 
f 619//678 1329//678 1319//679 
f 613//677 1372//677 1329//678 
f 593//676 1376//676 1372//677 
f 592//675 1381//675 1376//676 
f 591//674 1370//674 1381//675 
f 602//673 1368//673 1370//674 
f 604//672 1366//681 1368//673 
f 1350//671 1366//681 604//672 
f 614//669 1316//669 1350//671 
f 620//670 1313//682 1316//669 
o mesh114
f 1272//683 615//683 616//684 
f 1282//685 606//685 615//683 
f 1309//686 607//686 606//685 
f 1311//687 624//687 607//686 
f 1314//688 605//688 624//687 
f 1313//689 620//689 605//688 
f 605//688 1314//688 1313//689 
f 624//687 1311//687 1314//688 
f 607//686 1309//686 1311//687 
f 606//685 1282//685 1309//686 
f 615//683 1272//683 1282//685 
f 616//684 1279//690 1272//683 
o mesh115
f 1347//691 647//691 635//692 
f 590//693 647//691 1347//691 
f 1325//694 608//694 590//693 
f 1279//695 616//695 608//694 
f 608//694 1325//694 1279//695 
f 590//693 1363//696 1325//694 
f 1347//691 1363//696 590//693 
f 635//692 1348//697 1347//691 
o mesh116
f 1348//698 635//698 654//698 
f 654//698 1360//698 1348//698 
o mesh117
f 1326//699 1362//700 587//701 
f 1362//700 657//700 587//701 
f 655//702 657//700 1362//700 
f 656//703 655//702 1361//702 
f 586//704 585//705 1280//705 
f 654//706 656//703 1349//707 
f 1349//707 1360//706 654//706 
f 1280//705 1326//699 586//704 
f 1361//702 1349//707 656//703 
f 1362//700 1361//702 655//702 
f 587//701 586//704 1326//699 
o mesh118
f 1312//708 567//708 560//709 
f 1327//710 563//710 567//708 
f 1310//711 558//711 563//710 
f 1281//712 559//712 558//711 
f 1281//712 1271//713 589//714 
f 1271//713 588//713 589//714 
f 1270//715 584//715 588//713 
f 1280//716 585//716 584//715 
f 584//715 1270//715 1280//716 
f 588//713 1271//713 1270//715 
f 589//714 559//712 1281//712 
f 558//711 1310//711 1281//712 
f 563//710 1327//710 1310//711 
f 567//708 1312//708 1327//710 
f 560//709 1315//717 1312//708 
o mesh119
f 1328//718 565//718 553//719 
f 1371//720 569//720 565//718 
f 578//721 569//720 1371//720 
f 1380//722 582//722 578//721 
f 1387//723 577//723 582//722 
f 1369//724 568//724 577//723 
f 1367//725 564//725 568//724 
f 1365//726 556//726 564//725 
f 1364//727 557//727 556//726 
f 1315//728 560//728 557//727 
f 557//727 1364//727 1315//728 
f 556//726 1365//726 1364//727 
f 564//725 1367//725 1365//726 
f 568//724 1369//724 1367//725 
f 577//723 1387//723 1369//724 
f 582//722 1380//722 1387//723 
f 578//721 1375//729 1380//722 
f 1371//720 1375//729 578//721 
f 565//718 1328//718 1371//720 
f 553//719 1317//730 1328//718 
o mesh120
f 1379//731 573//731 574//732 
f 1382//733 561//733 573//731 
f 1351//734 555//734 561//733 
f 1338//735 549//735 555//734 
f 1330//736 550//736 549//735 
f 1317//737 553//737 550//736 
f 550//736 1330//736 1317//737 
f 549//735 1338//735 1330//736 
f 555//734 1351//734 1338//735 
f 561//733 1382//733 1351//734 
f 573//731 1379//731 1382//733 
f 574//732 1346//738 1379//731 
o mesh121
f 1294//739 572//739 566//740 
f 1292//741 575//741 572//739 
f 1276//742 570//742 575//741 
f 1273//743 571//743 570//742 
f 1346//744 574//744 571//743 
f 571//743 1273//743 1346//744 
f 570//742 1276//742 1273//743 
f 575//741 1292//741 1276//742 
f 572//739 1294//739 1292//741 
f 566//740 1296//745 1294//739 
o mesh122
f 1299//746 546//746 544//747 
f 1298//748 562//748 546//746 
f 1296//749 566//749 562//748 
f 562//748 1298//748 1296//749 
f 546//746 1299//746 1298//748 
f 544//747 1265//750 1299//746 
o mesh123
f 1306//751 530//751 535//752 
f 1308//753 531//753 530//751 
f 1268//754 552//754 531//753 
f 1265//755 544//755 552//754 
f 552//754 1268//754 1265//755 
f 531//753 1308//753 1268//754 
f 530//751 1306//751 1308//753 
f 535//752 1290//756 1306//751 
o mesh124
f 1324//757 515//757 522//758 
f 516//759 515//757 1324//757 
f 1386//760 520//760 516//759 
f 1357//761 527//761 520//760 
f 1356//762 532//762 527//761 
f 1359//763 536//763 532//762 
f 1286//764 541//764 536//763 
f 540//765 541//764 1286//764 
f 1290//766 535//766 540//765 
f 540//765 1291//765 1290//766 
f 1286//764 1291//765 540//765 
f 536//763 1359//763 1286//764 
f 532//762 1356//762 1359//763 
f 527//761 1357//761 1356//762 
f 520//760 1386//760 1357//761 
f 516//759 1385//767 1386//760 
f 1324//757 1385//767 516//759 
f 522//758 1304//768 1324//757 
o mesh125
f 1343//769 538//769 542//770 
f 518//771 538//769 1343//769 
f 1377//772 519//772 518//771 
f 1378//773 521//773 519//772 
f 517//774 521//773 1378//773 
f 1354//775 523//775 517//774 
f 1344//776 528//776 523//775 
f 1336//777 533//777 528//776 
f 1303//778 537//778 533//777 
f 1302//779 524//779 537//778 
f 1304//780 522//780 524//779 
f 524//779 1302//779 1304//780 
f 537//778 1303//778 1302//779 
f 533//777 1336//777 1303//778 
f 528//776 1344//776 1336//777 
f 523//775 1354//775 1344//776 
f 517//774 1373//781 1354//775 
f 1378//773 1373//781 517//774 
f 519//772 1377//772 1378//773 
f 518//771 1353//782 1377//772 
f 1343//769 1353//782 518//771 
f 542//770 1335//783 1343//769 
o mesh126
f 1321//784 534//784 539//785 
f 1323//786 529//786 534//784 
f 525//787 529//786 1323//786 
f 1341//788 526//788 525//787 
f 543//789 526//788 1341//788 
f 1335//790 542//790 543//789 
f 543//789 1342//789 1335//790 
f 1341//788 1342//789 543//789 
f 525//787 1332//791 1341//788 
f 1323//786 1332//791 525//787 
f 534//784 1321//784 1323//786 
f 539//785 1285//792 1321//784 
o mesh127
f 545//793 1264//793 1283//794 
f 548//795 1260//795 1264//793 
f 514//794 1283//794 1285//796 
f 1285//796 539//796 514//794 
f 1264//793 545//793 548//795 
f 1283//794 514//794 545//793 
o mesh128
f 551//797 1256//797 1255//798 
f 554//799 1389//799 1256//797 
f 547//798 1255//798 1260//800 
f 1260//800 548//800 547//798 
f 1256//797 551//797 554//799 
f 1255//798 547//798 551//797 
o mesh129
f 1389//801 554//801 583//801 
f 583//801 1261//801 1389//801 
o mesh130
f 1263//802 512//802 509//803 
f 1259//804 576//804 513//805 
f 513//805 1263//802 1259//804 
f 1258//806 581//806 576//804 
f 1262//807 579//807 581//806 
f 1257//808 580//808 579//807 
f 1261//809 583//809 580//808 
f 580//808 1257//808 1261//809 
f 579//807 1262//807 1257//808 
f 581//806 1258//806 1262//807 
f 576//804 1259//804 1258//806 
f 513//805 512//802 1263//802 
f 509//803 1284//810 1263//802 
o mesh131
f 1334//811 638//811 633//812 
f 1333//813 632//813 638//811 
f 1340//814 625//814 632//813 
f 1331//815 626//815 625//814 
f 1331//815 1322//816 511//817 
f 1322//816 510//816 511//817 
f 1301//818 508//818 510//816 
f 1284//819 509//819 508//818 
f 508//818 1301//818 1284//819 
f 510//816 1322//816 1301//818 
f 511//817 626//815 1331//815 
f 625//814 1340//814 1331//815 
f 632//813 1333//813 1340//814 
f 638//811 1334//811 1333//813 
f 633//812 1253//820 1334//811 
o mesh132
f 1390//821 719//821 727//821 
f 727//821 1391//821 1390//821 
o mesh133
f 1392//822 1393//822 1394//822 
f 1393//822 1395//822 1396//822 
f 1396//822 1394//822 1393//822 
f 1395//822 1397//822 1398//822 
f 1392//822 1399//822 1400//822 
f 1398//822 1396//822 1395//822 
f 1394//822 1399//822 1392//822 
f 1401//822 1402//822 1403//822 
f 1400//822 1402//822 1392//822 
f 1400//822 1403//822 1402//822 
f 1398//822 1397//822 1404//822 
f 1405//822 1401//822 1406//822 
f 1404//822 1407//822 1398//822 
f 1408//822 1409//822 1390//822 
f 1390//822 1409//822 1410//822 
f 1403//822 1406//822 1401//822 
f 1407//822 1404//822 1411//822 
f 1412//822 1413//822 1414//822 
f 1410//822 1415//822 1390//822 
f 1416//822 1417//822 1415//822 
f 1411//822 1418//822 1407//822 
f 1418//822 1411//822 1412//822 
f 1415//822 1410//822 1416//822 
f 1419//822 1420//822 1417//822 
f 1421//822 1422//822 1420//822 
f 1414//822 1418//822 1412//822 
f 1413//822 1423//822 1424//822 
f 1417//822 1416//822 1419//822 
f 1420//822 1419//822 1421//822 
f 1424//822 1414//822 1413//822 
f 1424//822 1423//822 1425//822 
f 1421//822 1426//822 1422//822 
f 1426//822 1427//822 1428//822 
f 1429//822 1430//822 1431//822 
f 1432//822 1433//822 1430//822 
f 1434//822 1435//822 1436//822 
f 1437//822 1405//822 1438//822 
f 1425//822 1439//822 1424//822 
f 1428//822 1422//822 1426//822 
f 1427//822 1440//822 1431//822 
f 1430//822 1429//822 1432//822 
f 1433//822 1432//822 1434//822 
f 1435//822 1437//822 1441//822 
f 1406//822 1438//822 1405//822 
f 1442//822 1443//822 1444//822 
f 1445//822 1446//822 1447//822 
f 1448//822 1449//822 1450//822 
f 1431//822 1428//822 1427//822 
f 1436//822 1433//822 1434//822 
f 1438//822 1441//822 1437//822 
f 1439//822 1425//822 1443//822 
f 1447//822 1444//822 1445//822 
f 1448//822 1451//822 1452//822 
f 1450//822 1453//822 1448//822 
f 1454//822 1455//822 1449//822 
f 1454//822 1456//822 1457//822 
f 1431//822 1440//822 1429//822 
f 1443//822 1442//822 1439//822 
f 1445//822 1458//822 1446//822 
f 1459//822 1448//822 1460//822 
f 1453//822 1451//822 1448//822 
f 1457//822 1455//822 1454//822 
f 1441//822 1436//822 1435//822 
f 1445//822 1452//822 1458//822 
f 1459//822 1454//822 1448//822 
f 1449//822 1448//822 1454//822 
f 1444//822 1447//822 1442//822 
f 1460//822 1461//822 1459//822 
f 1390//822 1391//822 1408//822 
f 1452//822 1445//822 1448//822 
f 1461//822 1462//822 1459//822 
o mesh134
f 1391//823 727//823 737//823 
f 737//823 1408//823 1391//823 
o mesh135
f 1408//824 737//824 708//824 
f 708//824 1409//824 1408//824 
o mesh136
f 1429//825 738//825 732//826 
f 1440//827 734//827 738//825 
f 1427//828 730//828 734//827 
f 1426//829 724//829 730//828 
f 1421//830 722//830 724//829 
f 1419//831 720//831 722//830 
f 1416//832 717//832 720//831 
f 1410//833 711//833 717//832 
f 1409//834 708//834 711//833 
f 711//833 1410//833 1409//834 
f 717//832 1416//832 1410//833 
f 720//831 1419//831 1416//832 
f 722//830 1421//830 1419//831 
f 724//829 1426//829 1421//830 
f 730//828 1427//828 1426//829 
f 734//827 1440//827 1427//828 
f 738//825 1429//825 1440//827 
f 732//826 1432//835 1429//825 
o mesh137
f 1392//836 679//836 678//837 
f 1392//836 1402//838 681//839 
f 1402//838 723//838 681//839 
f 1401//840 725//840 723//838 
f 1405//841 733//841 725//840 
f 1437//842 736//842 733//841 
f 1435//843 735//843 736//842 
f 1434//844 731//844 735//843 
f 732//845 731//844 1434//844 
f 1434//844 1432//845 732//845 
f 735//843 1435//843 1434//844 
f 736//842 1437//842 1435//843 
f 733//841 1405//841 1437//842 
f 725//840 1401//840 1405//841 
f 723//838 1402//838 1401//840 
f 681//839 679//836 1392//836 
f 678//837 1393//846 1392//836 
o mesh138
f 1411//847 676//847 668//848 
f 677//849 676//847 1411//847 
f 1404//849 1397//850 683//851 
f 1397//850 682//850 683//851 
f 1395//852 680//852 682//850 
f 1393//853 678//853 680//852 
f 680//852 1395//852 1393//853 
f 682//850 1397//850 1395//852 
f 683//851 677//849 1404//849 
f 1411//847 1404//849 677//849 
f 668//848 1412//854 1411//847 
o mesh139
f 1444//855 672//855 674//856 
f 1443//857 675//857 672//855 
f 1425//858 670//858 675//857 
f 1423//859 666//859 670//858 
f 1413//860 667//860 666//859 
f 668//861 667//860 1413//860 
f 1413//860 1412//861 668//861 
f 666//859 1423//859 1413//860 
f 670//858 1425//858 1423//859 
f 675//857 1443//857 1425//858 
f 672//855 1444//855 1443//857 
f 674//856 1445//862 1444//855 
o mesh140
f 1445//863 674//863 673//863 
f 673//863 1448//863 1445//863 
o mesh141
f 1460//864 671//864 669//865 
f 1448//866 673//866 671//864 
f 671//864 1460//864 1448//866 
f 669//865 1461//865 1460//864 
o mesh142
f 1462//865 1461//865 664//865 
f 664//865 663//865 1462//865 
f 1461//865 665//865 664//865 
f 1461//865 669//865 665//865 
f 663//865 660//865 1462//865 
o mesh143
f 1462//867 660//867 661//867 
f 661//867 1459//867 1462//867 
o mesh144
f 1454//868 1459//868 658//868 
f 1459//868 659//868 658//868 
f 1459//868 662//868 659//868 
f 1459//868 661//868 662//868 
f 658//868 726//868 1454//868 
o mesh145
f 1454//869 726//869 728//869 
f 728//869 1456//869 1454//869 
o mesh146
f 1456//870 728//870 729//870 
f 729//870 1457//870 1456//870 
o mesh147
f 692//871 691//872 1446//872 
f 1452//873 695//873 692//871 
f 700//874 695//873 1452//873 
f 1453//875 704//875 700//874 
f 712//876 704//875 1453//875 
f 1449//877 713//877 712//876 
f 1455//878 687//878 713//877 
f 1457//879 729//879 687//878 
f 687//878 1455//878 1457//879 
f 713//877 1449//877 1455//878 
f 712//876 1450//880 1449//877 
f 1453//875 1450//880 712//876 
f 700//874 1451//881 1453//875 
f 1452//873 1451//881 700//874 
f 692//871 1458//882 1452//873 
f 1446//872 1458//882 692//871 
o mesh148
f 1398//883 705//883 690//884 
f 1407//885 701//885 705//883 
f 1418//886 696//886 701//885 
f 1414//887 693//887 696//886 
f 1424//888 685//888 693//887 
f 1439//889 686//889 685//888 
f 1442//890 714//890 686//889 
f 1447//891 684//891 714//890 
f 1446//892 691//892 684//891 
f 684//891 1447//891 1446//892 
f 714//890 1442//890 1447//891 
f 686//889 1439//889 1442//890 
f 685//888 1424//888 1439//889 
f 693//887 1414//887 1424//888 
f 696//886 1418//886 1414//887 
f 701//885 1407//885 1418//886 
f 705//883 1398//883 1407//885 
f 690//884 1396//893 1398//883 
o mesh149
f 1436//894 689//894 688//895 
f 1441//896 694//896 689//894 
f 1438//897 697//897 694//896 
f 702//898 697//897 1438//897 
f 1403//899 706//899 702//898 
f 1400//900 709//900 706//899 
f 1399//901 715//901 709//900 
f 1394//902 721//902 715//901 
f 1396//903 690//903 721//902 
f 721//902 1394//902 1396//903 
f 715//901 1399//901 1394//902 
f 709//900 1400//900 1399//901 
f 706//899 1403//899 1400//900 
f 702//898 1406//904 1403//899 
f 1438//897 1406//904 702//898 
f 694//896 1441//896 1438//897 
f 689//894 1436//894 1441//896 
f 688//895 1433//905 1436//894 
o mesh150
f 1415//906 716//906 719//907 
f 1417//908 710//908 716//906 
f 1420//909 707//909 710//908 
f 703//910 707//909 1420//909 
f 1428//911 698//911 703//910 
f 1431//912 699//912 698//911 
f 1430//913 718//913 699//912 
f 1433//914 688//914 718//913 
f 718//913 1430//913 1433//914 
f 699//912 1431//912 1430//913 
f 698//911 1428//911 1431//912 
f 703//910 1422//915 1428//911 
f 1420//909 1422//915 703//910 
f 710//908 1417//908 1420//909 
f 716//906 1415//906 1417//908 
f 719//907 1390//916 1415//906 
o mesh151
f 1463//916 1464//916 739//916 
f 1464//916 742//916 739//916 
f 1464//916 741//916 742//916 
f 739//916 745//916 1463//916 
o mesh152
f 1464//917 1463//917 1465//917 
f 1466//917 1467//917 1465//917 
f 1465//917 1463//917 1466//917 
f 1465//917 1468//917 1464//917 
o mesh153
f 1463//918 745//918 746//918 
f 746//918 1466//918 1463//918 
o mesh154
f 1466//919 746//919 747//919 
f 747//919 1467//919 1466//919 
o mesh155
f 1467//920 747//920 748//920 
f 748//920 1465//920 1467//920 
o mesh156
f 1468//919 744//919 743//919 
f 1465//919 748//919 744//919 
f 744//919 1468//919 1465//919 
f 743//919 740//919 1468//919 
o mesh157
f 1468//920 740//920 741//920 
f 741//920 1464//920 1468//920 
o mesh158
f 1469//921 757//921 756//921 
f 756//921 1470//921 1469//921 
o mesh159
f 1471//922 1472//922 1473//922 
f 1472//922 1474//922 1475//922 
f 1475//922 1473//922 1472//922 
f 1476//922 1475//922 1474//922 
f 1474//922 1477//922 1476//922 
f 1469//922 1470//922 1474//922 
f 1474//922 1472//922 1469//922 
f 1473//922 1478//922 1471//922 
o mesh160
f 1470//923 756//923 761//923 
f 761//923 1474//923 1470//923 
o mesh161
f 1474//924 761//924 758//924 
f 758//924 1477//924 1474//924 
o mesh162
f 1477//923 758//923 759//923 
f 759//923 1476//923 1477//923 
o mesh163
f 1476//925 759//925 760//925 
f 760//925 1475//925 1476//925 
o mesh164
f 1473//926 755//926 750//926 
f 1475//926 760//926 755//926 
f 755//926 1473//926 1475//926 
f 750//926 762//926 1473//926 
o mesh165
f 1473//927 762//927 751//927 
f 751//927 1478//927 1473//927 
o mesh166
f 1478//926 751//926 752//926 
f 752//926 1471//926 1478//926 
o mesh167
f 1471//928 752//928 753//928 
f 753//928 1472//928 1471//928 
o mesh168
f 1469//929 1472//929 749//929 
f 1472//929 754//929 749//929 
f 1472//929 753//929 754//929 
f 749//929 757//929 1469//929 
o mesh169
f 865//930 1479//930 1480//930 
f 873//930 1481//930 1479//930 
f 1479//930 865//930 873//930 
f 853//930 1482//930 1483//930 
f 858//930 857//930 1484//930 
f 1480//930 857//930 865//930 
f 1483//930 848//930 854//930 
f 859//930 858//930 1485//930 
f 1480//930 1484//930 857//930 
f 811//930 819//930 836//930 
f 822//930 821//930 826//930 
f 1483//930 847//930 848//930 
f 852//930 1486//930 1482//930 
f 1484//930 1485//930 858//930 
f 872//930 1487//930 1481//930 
f 876//930 875//930 1488//930 
f 888//930 887//930 839//930 
f 887//930 886//930 840//930 
f 819//930 829//930 836//930 
f 829//930 819//930 822//930 
f 1482//930 853//930 852//930 
f 851//930 1489//930 1486//930 
f 1481//930 873//930 872//930 
f 871//930 1490//930 1487//930 
f 1488//930 1491//930 876//930 
f 840//930 839//930 887//930 
f 886//930 885//930 841//930 
f 812//930 811//930 835//930 
f 826//930 829//930 822//930 
f 1486//930 852//930 851//930 
f 855//930 1492//930 1489//930 
f 1487//930 872//930 871//930 
f 870//930 1493//930 1490//930 
f 877//930 876//930 1491//930 
f 875//930 881//930 1488//930 
f 841//930 840//930 886//930 
f 885//930 884//930 842//930 
f 812//930 834//930 833//930 
f 836//930 835//930 811//930 
f 1489//930 851//930 855//930 
f 850//930 1494//930 1492//930 
f 863//930 1495//930 1496//930 
f 863//930 862//930 1497//930 
f 860//930 859//930 1498//930 
f 1490//930 871//930 870//930 
f 867//930 866//930 1499//930 
f 878//930 877//930 1500//930 
f 881//930 888//930 1488//930 
f 842//930 841//930 885//930 
f 884//930 883//930 843//930 
f 817//930 830//930 838//930 
f 813//930 833//930 832//930 
f 835//930 834//930 812//930 
f 1492//930 855//930 850//930 
f 849//930 1501//930 1494//930 
f 856//930 1496//930 1501//930 
f 1497//930 1495//930 863//930 
f 864//930 860//930 1502//930 
f 1485//930 1498//930 859//930 
f 866//930 1503//930 1499//930 
f 874//930 1504//930 1503//930 
f 879//930 878//930 1505//930 
f 1491//930 1500//930 877//930 
f 843//930 842//930 884//930 
f 883//930 882//930 844//930 
f 816//930 845//930 844//930 
f 838//930 816//930 817//930 
f 818//930 832//930 831//930 
f 833//930 813//930 812//930 
f 827//930 820//930 824//930 
f 828//930 824//930 823//930 
f 1494//930 850//930 849//930 
f 1496//930 856//930 863//930 
f 1498//930 1502//930 860//930 
f 870//930 869//930 1506//930 
f 868//930 867//930 1507//930 
f 1503//930 866//930 874//930 
f 879//930 1508//930 1509//930 
f 1500//930 1505//930 878//930 
f 844//930 843//930 883//930 
f 838//930 845//930 816//930 
f 815//930 837//930 830//930 
f 814//930 831//930 837//930 
f 832//930 818//930 813//930 
f 826//930 821//930 820//930 
f 823//930 825//930 828//930 
f 1501//930 849//930 856//930 
f 862//930 861//930 1510//930 
f 861//930 864//930 1511//930 
f 1506//930 1493//930 870//930 
f 869//930 868//930 1512//930 
f 1499//930 1507//930 867//930 
f 880//930 1509//930 1504//930 
f 1505//930 1508//930 879//930 
f 839//930 846//930 888//930 
f 830//930 817//930 815//930 
f 831//930 814//930 818//930 
f 824//930 828//930 827//930 
f 1510//930 1497//930 862//930 
f 1502//930 1511//930 864//930 
f 1507//930 1512//930 868//930 
f 1509//930 880//930 879//930 
f 844//930 882//930 816//930 
f 820//930 827//930 826//930 
f 1511//930 1510//930 861//930 
f 1504//930 874//930 880//930 
f 846//930 847//930 1483//930 
f 837//930 815//930 814//930 
f 1512//930 1506//930 869//930 
f 846//930 1488//930 888//930 
f 1483//930 1488//930 846//930 
f 1483//930 854//930 853//930 
o mesh170
f 1481//931 1513//931 1514//932 
f 1487//933 1515//933 1513//931 
f 1490//934 1516//934 1515//933 
f 1517//935 1516//934 1490//934 
f 1506//936 1518//936 1517//935 
f 1512//937 1519//937 1518//936 
f 1507//938 1520//938 1519//937 
f 1499//939 1521//939 1520//938 
f 1503//940 1522//940 1521//939 
f 1521//939 1499//939 1503//940 
f 1520//938 1507//938 1499//939 
f 1519//937 1512//937 1507//938 
f 1518//936 1506//936 1512//937 
f 1517//935 1493//941 1506//936 
f 1490//934 1493//941 1517//935 
f 1515//933 1487//933 1490//934 
f 1513//931 1481//931 1487//933 
f 1514//932 1479//942 1481//931 
o mesh171
f 1523//943 1517//943 1518//943 
f 1524//943 1525//943 1526//943 
f 1523//943 1522//943 1527//943 
f 1518//943 1519//943 1523//943 
f 1528//943 1523//943 1524//943 
f 1527//943 1529//943 1523//943 
f 1523//943 1516//943 1517//943 
f 1526//943 1528//943 1524//943 
f 1530//943 1531//943 1532//943 
f 1529//943 1533//943 1523//943 
f 1519//943 1520//943 1523//943 
f 1528//943 1534//943 1523//943 
f 1530//943 1535//943 1531//943 
f 1533//943 1536//943 1523//943 
f 1523//943 1515//943 1516//943 
f 1534//943 1537//943 1523//943 
f 1530//943 1538//943 1535//943 
f 1536//943 1539//943 1523//943 
f 1523//943 1513//943 1515//943 
f 1537//943 1540//943 1523//943 
f 1530//943 1541//943 1538//943 
f 1539//943 1542//943 1523//943 
f 1523//943 1514//943 1513//943 
f 1540//943 1543//943 1523//943 
f 1530//943 1544//943 1541//943 
f 1523//943 1521//943 1522//943 
f 1543//943 1514//943 1523//943 
f 1530//943 1545//943 1544//943 
f 1520//943 1521//943 1523//943 
f 1532//943 1546//943 1530//943 
f 1546//943 1523//943 1530//943 
f 1542//943 1530//943 1523//943 
o mesh172
f 1524//944 1523//945 1495//945 
f 1510//946 1525//946 1524//944 
f 1511//947 1526//947 1525//946 
f 1502//948 1528//948 1526//947 
f 1498//949 1534//949 1528//948 
f 1485//950 1537//950 1534//949 
f 1484//951 1540//951 1537//950 
f 1480//952 1543//952 1540//951 
f 1479//953 1514//953 1543//952 
f 1543//952 1480//952 1479//953 
f 1540//951 1484//951 1480//952 
f 1537//950 1485//950 1484//951 
f 1534//949 1498//949 1485//950 
f 1528//948 1502//948 1498//949 
f 1526//947 1511//947 1502//948 
f 1525//946 1510//946 1511//947 
f 1524//944 1497//954 1510//946 
f 1495//945 1497//954 1524//944 
o mesh173
f 1482//955 1544//955 1545//956 
f 1486//957 1541//957 1544//955 
f 1489//958 1538//958 1541//957 
f 1492//959 1535//959 1538//958 
f 1494//960 1531//960 1535//959 
f 1501//961 1532//961 1531//960 
f 1496//962 1546//962 1532//961 
f 1495//963 1523//963 1546//962 
f 1546//962 1496//962 1495//963 
f 1532//961 1501//961 1496//962 
f 1531//960 1494//960 1501//961 
f 1535//959 1492//959 1494//960 
f 1538//958 1489//958 1492//959 
f 1541//957 1486//957 1489//958 
f 1544//955 1482//955 1486//957 
f 1545//956 1483//964 1482//955 
o mesh174
f 1483//965 1545//965 1530//965 
f 1530//965 1488//965 1483//965 
o mesh175
f 1504//966 1527//966 1522//967 
f 1509//968 1529//968 1527//966 
f 1508//969 1533//969 1529//968 
f 1505//970 1536//970 1533//969 
f 1500//971 1539//971 1536//970 
f 1491//972 1542//972 1539//971 
f 1488//973 1530//973 1542//972 
f 1542//972 1491//972 1488//973 
f 1539//971 1500//971 1491//972 
f 1536//970 1505//970 1500//971 
f 1533//969 1508//969 1505//970 
f 1529//968 1509//968 1508//969 
f 1527//966 1504//966 1509//968 
f 1522//967 1503//974 1504//966 
